subject,predicate,object,occurs,year
<Joe_Bradshaw_(footballer)>,<isAffiliatedTo>,<Fulham_F.C.>,,
<Angels_&_Airwaves_Presents_Love_Live>,<isLocatedIn>,<Georgia_(U.S._state)>,,
<Enrico_Fermi>,<worksAt>,<Columbia_University>,,
<Federico_Fellini>,<directed>,<La_Dolce_Vita>,,
<Denmark>,<participatedIn>,<Kosovo_War>,,
<Alan_Thompson_(footballer_born_1973)>,<isAffiliatedTo>,<England_national_football_team>,,
<Josh_Wright>,<isAffiliatedTo>,<Charlton_Athletic_F.C.>,,
<Minnie_Driver>,<isCitizenOf>,<United_Kingdom>,,
<Haim_Saban>,<isCitizenOf>,<Israel>,,
<Derek_McInnes>,<isAffiliatedTo>,<Dundee_United_F.C.>,,
<Bruno_Rodriguez>,<isAffiliatedTo>,<AS_Monaco_FC>,,
<Young_Adam_(film)>,<isLocatedIn>,<United_Kingdom>,,
<Liam_George>,<playsFor>,<Bury_F.C.>,,
<Mel_Brooks>,<hasWonPrize>,<Grammy_Award>,,
<Poul_Anderson>,<isCitizenOf>,<Denmark>,,
<Abel_Xavier>,<isAffiliatedTo>,<Middlesbrough_F.C.>,,
<Jamie_O'Hara_(footballer)>,<playsFor>,<Arsenal_F.C.>,<occursSince>,1998-##-##
<Jamie_O'Hara_(footballer)>,<playsFor>,<Arsenal_F.C.>,<occursUntil>,2003-##-##
<Jeffrey_Monakana>,<isAffiliatedTo>,<Bristol_Rovers_F.C.>,,
<Alfred_Hitchcock>,<isCitizenOf>,<United_States>,,
<Colin_Miller_(soccer)>,<playsFor>,<Heart_of_Midlothian_F.C.>,<occursSince>,1995-##-##
<Dougie_Freedman>,<isAffiliatedTo>,<Southend_United_F.C.>,,
<The_Walt_Disney_Company>,<owns>,<Disney_Interactive_Studios>,,
<Adel_Taarabt>,<isAffiliatedTo>,<RC_Lens>,,
<Leighton_Meester>,<wasBornIn>,<Fort_Worth_Texas>,,
<Larry_Niven>,<isCitizenOf>,<United_States>,,
<Tomasz_Cywka>,<isCitizenOf>,<England>,,
<Paul_Rachubka>,<isAffiliatedTo>,<Bury_F.C.>,,
<David_McCracken>,<isAffiliatedTo>,<Dundee_United_F.C.>,,
<Ed_Asner>,<actedIn>,<Rich_Man_Poor_Man_(miniseries)>,,
<Christian_Hanson_(footballer)>,<wasBornIn>,<Middlesbrough>,,
<Ivory_Coast>,<dealsWith>,<China>,,
<Cristian_Daniel_Ledesma>,<playsFor>,<Italy_national_football_team>,<occursSince>,2010-##-##
<Calum_Davenport>,<playsFor>,<Watford_F.C.>,<occursSince>,2008-##-##
<Invercargill>,<isLocatedIn>,<South_Island>,,
<Geoff_Scott_(footballer)>,<isAffiliatedTo>,<Cambridge_United_F.C.>,,
<Liam_Chilvers>,<playsFor>,<A.F.C._Telford_United>,,
<Woody_Allen>,<isCitizenOf>,<Russia>,,
<Alessandro_Bastrini>,<playsFor>,<Calcio_Catania>,,
<Dean_Howell>,<isAffiliatedTo>,<Notts_County_F.C.>,,
<Steve_Leo_Beleck>,<playsFor>,<ACF_Fiorentina>,,
<Roberto_Baronio>,<isAffiliatedTo>,<Udinese_Calcio>,,
<Ben_Smith_(footballer_born_1978)>,<isAffiliatedTo>,<Arsenal_F.C.>,,
<Jonathan_Swift>,<graduatedFrom>,<Trinity_College_Dublin>,,
<Tony_Pulis>,<isAffiliatedTo>,<Bristol_Rovers_F.C.>,,
<Gale_Anne_Hurd>,<isMarriedTo>,<Brian_De_Palma>,<occursSince>,1991-##-##
<Gale_Anne_Hurd>,<isMarriedTo>,<Brian_De_Palma>,<occursUntil>,1993-##-##
<Milan>,<owns>,<A.C._Milan>,,
<Mali>,<isLocatedIn>,<Africa>,,
<Parlophone>,<isLocatedIn>,<United_Kingdom>,,
<Charles_Darwin>,<worksAt>,<University_of_Cambridge>,,
<Brian_Kidd>,<isAffiliatedTo>,<Bolton_Wanderers_F.C.>,,
<Toumani_Diagouraga>,<wasBornIn>,<Paris>,,
<John_Cairns_(footballer)>,<playsFor>,<Leicester_City_F.C.>,<occursSince>,1928-##-##
<Don_Knotts>,<diedIn>,<Los_Angeles>,,
<James_Tavernier>,<isAffiliatedTo>,<Sheffield_Wednesday_F.C.>,,
<Frédéric_Piquionne>,<isCitizenOf>,<Martinique>,,
<Jon_Bon_Jovi>,<isCitizenOf>,<United_States>,,
<Daniel_Hernández_(soccer)>,<isCitizenOf>,<England>,,
<Etta_James>,<hasWonPrize>,<Grammy_Award>,,
<Rolando_Bianchi>,<isAffiliatedTo>,<Bologna_F.C._1909>,,
<Alan_Rickman>,<isCitizenOf>,<Wales>,,
<Simon_Grayson>,<playsFor>,<Aston_Villa_F.C.>,<occursSince>,1997-##-##
<Simon_Grayson>,<playsFor>,<Aston_Villa_F.C.>,<occursUntil>,1999-##-##
<Corrado_Colombo>,<playsFor>,<U.C._Sampdoria>,<occursSince>,2002-##-##
<Corrado_Colombo>,<playsFor>,<U.C._Sampdoria>,<occursUntil>,2006-##-##
<Alphonse_Tchami>,<isAffiliatedTo>,<Odense_Boldklub>,,
<Abdulai_Bell-Baggie>,<playsFor>,<Tranmere_Rovers_F.C.>,<occursSince>,2012-##-##
<Abdulai_Bell-Baggie>,<playsFor>,<Tranmere_Rovers_F.C.>,<occursUntil>,2015-##-##
<Ferenc_Puskás>,<isCitizenOf>,<Greece>,,
<Myles_Weston>,<isAffiliatedTo>,<Charlton_Athletic_F.C.>,,
<Nathan_Blake>,<playsFor>,<Bolton_Wanderers_F.C.>,<occursSince>,1995-##-##
<Nathan_Blake>,<playsFor>,<Bolton_Wanderers_F.C.>,<occursUntil>,1998-##-##
<Niall_Thompson>,<playsFor>,<Colchester_United_F.C.>,<occursSince>,1994-##-##
<Niall_Thompson>,<playsFor>,<Colchester_United_F.C.>,<occursUntil>,1995-##-##
<Andrew_Stanton>,<created>,<Finding_Nemo>,,
<Tokyo>,<isLocatedIn>,<Japan>,,
<Alejandro_Scopelli>,<isAffiliatedTo>,<C.F._Os_Belenenses>,,
<Grand_Teton_National_Park>,<isLocatedIn>,<United_States>,,
<Charlie_Sheringham>,<playsFor>,<Ipswich_Town_F.C.>,<occursSince>,2004-##-##
<Charlie_Sheringham>,<playsFor>,<Ipswich_Town_F.C.>,<occursUntil>,2005-##-##
<Blackpool>,<isLocatedIn>,<North_West_England>,,
<Landon_Donovan>,<playsFor>,<FC_Bayern_Munich>,<occursSince>,2009-##-##
<Antonio_Banderas>,<actedIn>,<Four_Rooms>,,
<Emory_University>,<isLocatedIn>,<United_States>,,
<Djibril_Cissé>,<isAffiliatedTo>,<S.S._Lazio>,,
<Oliver_Platt>,<isCitizenOf>,<United_Kingdom>,,
<David_Mendes_da_Silva>,<playsFor>,<AZ_Alkmaar>,<occursSince>,2006-##-##
<David_Mendes_da_Silva>,<playsFor>,<AZ_Alkmaar>,<occursUntil>,2010-##-##
<Dan_Harding>,<playsFor>,<Southampton_F.C.>,<occursSince>,2009-##-##
<Dan_Harding>,<playsFor>,<Southampton_F.C.>,<occursUntil>,2012-##-##
<Poland>,<hasNeighbor>,<Ukraine>,,
<Chris_Powell>,<isAffiliatedTo>,<Huddersfield_Town_A.F.C.>,,
<Grégory_Tadé>,<isAffiliatedTo>,<Forfar_Athletic_F.C.>,,
<Noah_Wyle>,<isCitizenOf>,<Russia>,,
<David_Thewlis>,<actedIn>,<Anonymous_(film)>,,
<Gerry_Francis>,<playsFor>,<Exeter_City_F.C.>,<occursSince>,1983-##-##
<Gerry_Francis>,<playsFor>,<Exeter_City_F.C.>,<occursUntil>,1984-##-##
<Tim_Matheson>,<wasBornIn>,<Glendale_California>,,
<Jason_Brown_(footballer)>,<playsFor>,<Wales_national_football_team>,<occursSince>,2006-##-##
<Jason_Brown_(footballer)>,<playsFor>,<Wales_national_football_team>,<occursUntil>,2012-##-##
<Legend_(1985_film)>,<isLocatedIn>,<United_Kingdom>,,
<Stark_County_Ohio>,<isLocatedIn>,<Canton_Ohio>,,
<Jermaine_Beckford>,<playsFor>,<Leeds_United_F.C.>,<occursSince>,2006-##-##
<Jermaine_Beckford>,<playsFor>,<Leeds_United_F.C.>,<occursUntil>,2010-##-##
<Bela_Lugosi>,<isCitizenOf>,<Hungary>,,
<Fred_Williamson>,<actedIn>,<From_Dusk_till_Dawn>,,
<Tim_Sherwood>,<isAffiliatedTo>,<Coventry_City_F.C.>,,
<Brian_Marwood>,<playsFor>,<Middlesbrough_F.C.>,<occursSince>,1992-##-##
<Jon_Macken>,<isAffiliatedTo>,<Preston_North_End_F.C.>,,
<Dave_Reeves>,<playsFor>,<Bolton_Wanderers_F.C.>,<occursSince>,1989-##-##
<Dave_Reeves>,<playsFor>,<Bolton_Wanderers_F.C.>,<occursUntil>,1993-##-##
<Keith_Curle>,<isCitizenOf>,<England>,,
<Latvia>,<hasNeighbor>,<Lithuania>,,
<Herbert_Hoover>,<isCitizenOf>,<Canada>,,
<Johann_Smith>,<playsFor>,<Darlington_F.C.>,<occursSince>,2007-##-##
<Paul_Dalglish>,<playsFor>,<Norwich_City_F.C.>,<occursSince>,1999-##-##
<Paul_Dalglish>,<playsFor>,<Norwich_City_F.C.>,<occursUntil>,2002-##-##
<Johann_Wolfgang_von_Goethe>,<influences>,<Georg_Wilhelm_Friedrich_Hegel>,,
<Bradley_Thomas_(footballer)>,<isAffiliatedTo>,<Crawley_Town_F.C.>,,
<Darren_Dunning>,<playsFor>,<Harrogate_Town_F.C.>,<occursSince>,2006-##-##
<Darren_Dunning>,<playsFor>,<Harrogate_Town_F.C.>,<occursUntil>,2009-##-##
<Jane_Fonda>,<isCitizenOf>,<Netherlands>,,
<Ian_Muir>,<isAffiliatedTo>,<Birmingham_City_F.C.>,,
<Christopher_Guest>,<isMarriedTo>,<Jamie_Lee_Curtis>,<occursSince>,1984-##-##
<Norman_Mailer>,<actedIn>,<When_We_Were_Kings>,,
<Patrick_Kluivert>,<playsFor>,<FC_Barcelona>,<occursSince>,1998-##-##
<Patrick_Kluivert>,<playsFor>,<FC_Barcelona>,<occursUntil>,2004-##-##
<Peter_Shilton>,<wasBornIn>,<Leicester>,,
<Sally_Field>,<actedIn>,<ER_(TV_series)>,,
<Stephen_Dillane>,<isCitizenOf>,<England>,,
<Liam_Miller>,<isAffiliatedTo>,<Brisbane_Roar_FC>,,
<Indo-Pakistani_War_of_1971>,<isLocatedIn>,<Bangladesh>,,
<Simon_Gillett>,<isAffiliatedTo>,<Southampton_F.C.>,,
<Neil_Heaney>,<playsFor>,<Arsenal_F.C.>,<occursSince>,1989-##-##
<Neil_Heaney>,<playsFor>,<Arsenal_F.C.>,<occursUntil>,1994-##-##
<Kelvin_Langmead>,<isAffiliatedTo>,<Preston_North_End_F.C.>,,
<Peter_Berg>,<directed>,<Battleship_(film)>,,
<Héctor_Rial>,<isCitizenOf>,<El_Salvador>,,
<Jake_Edwards_(footballer_born_1976)>,<wasBornIn>,<Manchester>,,
<Jamie_Day_(footballer_born_1979)>,<isAffiliatedTo>,<Ebbsfleet_United_F.C.>,,
<Ryan_Clarke>,<playsFor>,<Eastleigh_F.C.>,<occursSince>,2016-##-##
<Ryan_Clarke>,<playsFor>,<Eastleigh_F.C.>,<occursUntil>,2017-##-##
<Nick_Burton>,<playsFor>,<Yeovil_Town_F.C.>,<occursSince>,1995-##-##
<Nick_Burton>,<playsFor>,<Yeovil_Town_F.C.>,<occursUntil>,1996-##-##
<Colin_Cramb>,<isCitizenOf>,<Scotland>,,
<Tom_Hanks>,<actedIn>,<The_Green_Mile_(film)>,,
<Austria-Hungary>,<participatedIn>,<Settling_Accounts>,,
<Edward_G._Robinson>,<actedIn>,<The_Ten_Commandments_(1956_film)>,,
<Dallas>,<isLocatedIn>,<Texas>,,
<Rakhee_Gulzar>,<isCitizenOf>,<India>,,
<Adil_Ramzi>,<playsFor>,<AZ_Alkmaar>,,
<Parker_Posey>,<actedIn>,<Best_in_Show_(film)>,,
<Lincoln_City_F.C.>,<isLocatedIn>,<Lincoln_England>,,
<Daniel_Inouye>,<wasBornIn>,<Honolulu>,,
<Joe_Anyinsah>,<playsFor>,<Bristol_City_F.C.>,<occursSince>,2004-##-##
<Joe_Anyinsah>,<playsFor>,<Bristol_City_F.C.>,<occursUntil>,2005-##-##
<Björn_Runström>,<playsFor>,<Fulham_F.C.>,<occursSince>,2006-##-##
<Björn_Runström>,<playsFor>,<Fulham_F.C.>,<occursUntil>,2008-##-##
<Ademola_Bankole>,<playsFor>,<Milton_Keynes_Dons_F.C.>,,
<University_of_Vienna>,<isLocatedIn>,<Vienna>,,
<Eric_Wynalda>,<isAffiliatedTo>,<Atlanta_Silverbacks>,,
<Igor_Mitreski>,<isAffiliatedTo>,<FC_Metalurh_Zaporizhya>,,
<Toni_Silva>,<isAffiliatedTo>,<Northampton_Town_F.C.>,,
<Italy>,<participatedIn>,<Lebanese_Civil_War>,,
<Martin_Nash_(soccer)>,<isCitizenOf>,<Canada>,,
<Brad_Jones_(footballer)>,<playsFor>,<Bradford_City_A.F.C.>,,
<Dustin_Hoffman>,<isCitizenOf>,<Russia>,,
<The_Culinary_Institute_of_America>,<isLocatedIn>,<New_York>,,
<White_Plains_New_York>,<isLocatedIn>,<New_York>,,
<Craig_Ireland>,<playsFor>,<Notts_County_F.C.>,,
<Bobby_Mimms>,<isAffiliatedTo>,<Rotherham_United_F.C.>,,
<Patrick_Vieira>,<isCitizenOf>,<Cape_Verde>,,
<Tony_Thomas_(producer)>,<isCitizenOf>,<United_States>,,
<Eastern_Kentucky_University>,<isLocatedIn>,<Kentucky>,,
<Roberto_Baggio>,<playsFor>,<Juventus_F.C.>,<occursSince>,1990-##-##
<Roberto_Baggio>,<playsFor>,<Juventus_F.C.>,<occursUntil>,1995-##-##
<Edgar_Rice_Burroughs>,<influences>,<Peter_David>,,
<Fresno_County_California>,<isLocatedIn>,<Fresno_California>,,
<Trésor_Kandol>,<isAffiliatedTo>,<Millwall_F.C.>,,
<Harvey_Weinstein>,<created>,<The_Weinstein_Company>,,
<Groucho_Marx>,<influences>,<Brendon_Small>,,
<Chris_Hackett_(footballer)>,<isAffiliatedTo>,<Heart_of_Midlothian_F.C.>,,
<Ramon_Menezes>,<playsFor>,<Al-Gharafa_Sports_Club>,,
<Matty_Lund>,<playsFor>,<Bristol_Rovers_F.C.>,<occursSince>,2012-##-##
<Matty_Lund>,<playsFor>,<Bristol_Rovers_F.C.>,<occursUntil>,2013-##-##
<Ian_Holloway>,<playsFor>,<Queens_Park_Rangers_F.C.>,<occursSince>,1991-##-##
<Ian_Holloway>,<playsFor>,<Queens_Park_Rangers_F.C.>,<occursUntil>,1996-##-##
<Rebecca_Hall>,<actedIn>,<Starter_for_10_(film)>,,
<Asia_Argento>,<actedIn>,<Marie_Antoinette_(2006_film)>,,
<Steven_Tyler>,<hasChild>,<Liv_Tyler>,,
<Kevin_Lisbie>,<isAffiliatedTo>,<Queens_Park_Rangers_F.C.>,,
<Luftwaffe>,<isLocatedIn>,<Nazi_Germany>,,
<Leonard_Nimoy>,<actedIn>,<Star_Trek_(film)>,,
<Jean-Philippe_Javary>,<wasBornIn>,<Montpellier>,,
<Jocky_Wright>,<isAffiliatedTo>,<Watford_F.C.>,,
<Joss_Labadie>,<isCitizenOf>,<England>,,
<Harry_Belafonte>,<hasWonPrize>,<Jean_Hersholt_Humanitarian_Award>,,
<Lee_Cox_(footballer)>,<playsFor>,<Inverness_Caledonian_Thistle_F.C.>,<occursSince>,2009-##-##
<Lee_Cox_(footballer)>,<playsFor>,<Inverness_Caledonian_Thistle_F.C.>,<occursUntil>,2012-##-##
<Joaquin_Phoenix>,<actedIn>,<The_Master_(2012_film)>,,
<Alan_Bennett_(footballer_born_1981)>,<isAffiliatedTo>,<Cheltenham_Town_F.C.>,,
<Leroy_Chambers>,<wasBornIn>,<Sheffield>,,
<Mark_Burchill>,<playsFor>,<Portsmouth_F.C.>,<occursSince>,2001-##-##
<Mark_Burchill>,<playsFor>,<Portsmouth_F.C.>,<occursUntil>,2005-##-##
<Peter_Marinello>,<wasBornIn>,<Edinburgh>,,
<Gertrude_Stein>,<diedIn>,<Neuilly-sur-Seine>,,
<Simon_Grayson>,<isAffiliatedTo>,<Blackburn_Rovers_F.C.>,,
<Adam_Proudlock>,<isAffiliatedTo>,<Ipswich_Town_F.C.>,,
<Pontifical_Gregorian_University>,<isLocatedIn>,<Italy>,,
<Bam_Margera>,<actedIn>,<Jackass_3D>,,
<Ben_Wilkinson>,<isAffiliatedTo>,<Altrincham_F.C.>,,
<Peter_Molloy_(footballer_born_1909)>,<playsFor>,<Queens_Park_Rangers_F.C.>,,
<Huntington_New_York>,<isLocatedIn>,<New_York_metropolitan_area>,,
<Danny_McLennan>,<isCitizenOf>,<Bahrain>,,
<Tommy_Anderson_(footballer)>,<isAffiliatedTo>,<Stockport_County_F.C.>,,
<Craig_McAllister>,<isAffiliatedTo>,<Luton_Town_F.C.>,,
<Alias_(TV_series)>,<isLocatedIn>,<United_States>,,
<Michael_Stipe>,<wasBornIn>,<Decatur_Georgia>,,
<Ed_O'Neill>,<actedIn>,<The_Adventures_of_Ford_Fairlane>,,
<James_Dunne>,<isAffiliatedTo>,<Nottingham_Forest_F.C.>,,
<Jerry_Siegel>,<wasBornIn>,<Cleveland>,,
<Greg_Mills_(footballer)>,<playsFor>,<Derby_County_F.C.>,<occursSince>,2009-##-##
<Greg_Mills_(footballer)>,<playsFor>,<Derby_County_F.C.>,<occursUntil>,2011-##-##
<Jayden_Stockley>,<playsFor>,<Woking_F.C.>,<occursSince>,2012-##-##
<Jayden_Stockley>,<playsFor>,<Woking_F.C.>,<occursUntil>,2013-##-##
<Kamloops>,<isLocatedIn>,<British_Columbia>,,
<Alfie_Conn_Jr.>,<isAffiliatedTo>,<Blackpool_F.C.>,,
<Eddie_Albert>,<wasBornIn>,<Rock_Island_Illinois>,,
<Columbia_Law_School>,<isLocatedIn>,<New_York>,,
<Bill_Pullman>,<actedIn>,<Lucky_Numbers>,,
<Neil_Cutler>,<playsFor>,<Chester_City_F.C.>,<occursSince>,1996-##-##
<Neil_Cutler>,<playsFor>,<Chester_City_F.C.>,<occursUntil>,1999-##-##
<Amsterdam>,<isLocatedIn>,<North_Holland>,,
<Mick_Bodley>,<isAffiliatedTo>,<Peterborough_United_F.C.>,,
<Intel>,<isLocatedIn>,<California>,,
<James_Beattie_(footballer)>,<wasBornIn>,<Lancaster_Lancashire>,,
<Marcus_Haber>,<isAffiliatedTo>,<Crewe_Alexandra_F.C.>,,
<Gaël_Givet>,<playsFor>,<Evian_Thonon_Gaillard_F.C.>,<occursSince>,2014-##-##
<Danny_Simpson>,<playsFor>,<Leicester_City_F.C.>,<occursSince>,2014-##-##
<Richard_Pryor>,<influences>,<Whoopi_Goldberg>,,
<Tom_Arnold_(actor)>,<isCitizenOf>,<India>,,
<Emile_Kuri>,<isCitizenOf>,<United_States>,,
<Robbie_Findley>,<isCitizenOf>,<United_States>,,
<Kevin_McCarthy_(actor)>,<graduatedFrom>,<University_of_Minnesota>,,
<Nicolas_Cage>,<actedIn>,<Face/Off>,,
<Alex_Gibney>,<graduatedFrom>,<Yale_University>,,
<Martin_Hodge>,<isAffiliatedTo>,<Oldham_Athletic_A.F.C.>,,
<Andrew_Davies_(footballer)>,<isAffiliatedTo>,<Queens_Park_Rangers_F.C.>,,
<Jeff_Wealands>,<isAffiliatedTo>,<Northampton_Town_F.C.>,,
<Los_Angeles_International_Airport>,<isLocatedIn>,<Greater_Los_Angeles_Area>,,
<Henri_Lansbury>,<isAffiliatedTo>,<Nottingham_Forest_F.C.>,,
<John_Byrne_(footballer_born_1961)>,<isCitizenOf>,<England>,,
<Bartholomew_Ogbeche>,<isAffiliatedTo>,<Real_Valladolid>,,
<Andy_Kiwomya>,<playsFor>,<Dundee_F.C.>,<occursSince>,1992-##-##
<Andy_Kiwomya>,<playsFor>,<Dundee_F.C.>,<occursUntil>,1993-##-##
<George_Florescu>,<isCitizenOf>,<Denmark>,,
<David_Crown>,<playsFor>,<Cambridge_United_F.C.>,<occursSince>,1985-##-##
<David_Crown>,<playsFor>,<Cambridge_United_F.C.>,<occursUntil>,1987-##-##
<Andrew_Hughes_(footballer_born_1978)>,<isAffiliatedTo>,<Charlton_Athletic_F.C.>,,
<Habib_Bamogo>,<playsFor>,<PFC_Botev_Plovdiv>,<occursSince>,2013-##-##
<Habib_Bamogo>,<playsFor>,<PFC_Botev_Plovdiv>,<occursUntil>,2014-##-##
<Danny_Graham_(footballer)>,<isAffiliatedTo>,<Blackpool_F.C.>,,
<Matthew_Barnes-Homer>,<playsFor>,<Kidderminster_Harriers_F.C.>,,
<Pavel_Pergl>,<playsFor>,<Dynamo_Dresden>,<occursSince>,2006-##-##
<Claude_Davis>,<isAffiliatedTo>,<Derby_County_F.C.>,,
<Dave_Hanson_(footballer)>,<isAffiliatedTo>,<Welling_United_F.C.>,,
<Richard_Sylbert>,<wasBornIn>,<Brooklyn>,,
<Tomi_Ameobi>,<isCitizenOf>,<Niger>,,
<Michigan>,<hasOfficialLanguage>,<English_language>,,
<Matt_Dillon>,<actedIn>,<There's_Something_About_Mary>,,
<Peter_Swan_(footballer_born_1966)>,<isAffiliatedTo>,<Plymouth_Argyle_F.C.>,,
<Alfred_Molina>,<actedIn>,<Magnolia_(film)>,,
<Kevin_James_(English_footballer)>,<playsFor>,<Welling_United_F.C.>,<occursSince>,2007-##-##
<Novak_Djokovic>,<livesIn>,<Monaco>,,
<Hugh_Laurie>,<actedIn>,<Arthur_Christmas>,,
<Chris_Allen_(footballer_born_1972)>,<isAffiliatedTo>,<Stockport_County_F.C.>,,
<Baltimore–Washington_metropolitan_area>,<isLocatedIn>,<Towson_Maryland>,,
<Maceo_Rigters>,<playsFor>,<AFC_Ajax>,<occursSince>,2003-##-##
<Allan_Nielsen>,<isCitizenOf>,<England>,,
<Martin_Short>,<hasWonPrize>,<Tony_Award>,,
<Art_Center_College_of_Design>,<isLocatedIn>,<Pasadena_California>,,
<Bolt_(2008_film)>,<isLocatedIn>,<United_States>,,
<Alfredo_Foni>,<isAffiliatedTo>,<Italy_national_football_team>,,
<Perry_Suckling>,<isAffiliatedTo>,<SuperSport_United_F.C.>,,
<Jérôme_Leroy_(footballer)>,<isAffiliatedTo>,<FC_Istres>,,
<Yago_Fernández>,<playsFor>,<Sporting_Clube_de_Portugal>,<occursSince>,2001-##-##
<Yago_Fernández>,<playsFor>,<Sporting_Clube_de_Portugal>,<occursUntil>,2002-##-##
<Dave_Regis>,<isAffiliatedTo>,<Lincoln_City_F.C.>,,
<Aimee_Mann>,<wasBornIn>,<Richmond_Virginia>,,
<Michael_Duberry>,<playsFor>,<Reading_F.C.>,<occursSince>,2007-##-##
<Michael_Duberry>,<playsFor>,<Reading_F.C.>,<occursUntil>,2009-##-##
<Emerson_Thome>,<isAffiliatedTo>,<Derby_County_F.C.>,,
<George_W._Bush>,<wasBornIn>,<New_Haven_Connecticut>,,
<Danny_Andrew>,<playsFor>,<Macclesfield_Town_F.C.>,,
<Kezie_Ibe>,<isCitizenOf>,<England>,,
<Tim_Blake_Nelson>,<wasBornIn>,<Tulsa_Oklahoma>,,
<Frank_Swift>,<playsFor>,<Fulham_F.C.>,<occursSince>,1942-##-##
<Frank_Swift>,<playsFor>,<Fulham_F.C.>,<occursUntil>,1943-##-##
<Cary-Hiroyuki_Tagawa>,<isCitizenOf>,<United_States>,,
<Nikodimos_Papavasiliou>,<isAffiliatedTo>,<Manager_(association_football)>,,
<Peter_Nicholas_(footballer)>,<wasBornIn>,<Newport_Wales>,,
<Mike_Walker_(Welsh_footballer)>,<playsFor>,<Reading_F.C.>,<occursSince>,1963-##-##
<Mike_Walker_(Welsh_footballer)>,<playsFor>,<Reading_F.C.>,<occursUntil>,1964-##-##
<Larry_Cohen>,<isCitizenOf>,<United_States>,,
<Frances_McDormand>,<hasWonPrize>,<Drama_Desk_Award>,,
<Danny_Elfman>,<wroteMusicFor>,<A_Simple_Plan_(film)>,,
<Kevin_McLeod_(footballer)>,<isAffiliatedTo>,<Everton_F.C.>,,
<Carlos_Tevez>,<isCitizenOf>,<China>,,
<Shlomi_Arbeitman>,<isAffiliatedTo>,<Hapoel_Haifa_F.C.>,,
<Sylvester_Stallone>,<actedIn>,<Oscar_(1991_film)>,,
<Robbie_Findley>,<playsFor>,<United_States_men's_national_soccer_team>,<occursSince>,2007-##-##
<Robbie_Findley>,<playsFor>,<United_States_men's_national_soccer_team>,<occursUntil>,2010-##-##
<Phil_Spector>,<wasBornIn>,<The_Bronx>,,
<Shefki_Kuqi>,<playsFor>,<Oldham_Athletic_A.F.C.>,,
<Danny_Guthrie>,<playsFor>,<Newcastle_United_F.C.>,<occursSince>,2008-##-##
<Danny_Guthrie>,<playsFor>,<Newcastle_United_F.C.>,<occursUntil>,2012-##-##
<Danny_Coyne>,<isAffiliatedTo>,<Middlesbrough_F.C.>,,
<Greg_Halford>,<playsFor>,<Cardiff_City_F.C.>,,
<Kingston_upon_Hull>,<isLocatedIn>,<East_Riding_of_Yorkshire>,,
<George_Lucas>,<graduatedFrom>,<University_of_Southern_California>,,
<Robert_Loggia>,<actedIn>,<Lost_Highway_(film)>,,
<Jae_Martin>,<isAffiliatedTo>,<Lincoln_City_F.C.>,,
<Daniel_Nardiello>,<isAffiliatedTo>,<Bury_F.C.>,,
<Josh_Homme>,<isCitizenOf>,<United_States>,,
<Tony_Rougier>,<playsFor>,<Reading_F.C.>,<occursSince>,2000-##-##
<Tony_Rougier>,<playsFor>,<Reading_F.C.>,<occursUntil>,2003-##-##
<War_of_the_Fourth_Coalition>,<happenedIn>,<Germany>,,
<Albano_Bizzarri>,<isAffiliatedTo>,<Delfino_Pescara_1936>,,
<Michael_Phelps>,<isCitizenOf>,<England>,,
<Tony_Warner>,<playsFor>,<Wellington_Phoenix_FC>,,
<New_England_Conservatory_of_Music>,<isLocatedIn>,<Massachusetts>,,
<Robert_F._Kennedy>,<graduatedFrom>,<Harvard_University>,,
<Trevor_Aylott>,<isAffiliatedTo>,<Crystal_Palace_F.C.>,,
<Marc_Nygaard>,<isCitizenOf>,<Belgium>,,
<Nicky_Summerbee>,<playsFor>,<Bolton_Wanderers_F.C.>,<occursSince>,2001-##-##
<Frank_Soo>,<isCitizenOf>,<Italy>,,
<In_Your_House>,<isLocatedIn>,<Canada>,,
<Tony_Witter>,<playsFor>,<Millwall_F.C.>,<occursSince>,1994-##-##
<Tony_Witter>,<playsFor>,<Millwall_F.C.>,<occursUntil>,1998-##-##
<Guy_Branston>,<playsFor>,<Lincoln_City_F.C.>,,
<Queen_Victoria>,<created>,<Royal_Victorian_Order>,,
<nl/UNAMIS>,<isLocatedIn>,<Norway>,,
<Lee_Fowler>,<isAffiliatedTo>,<Kidderminster_Harriers_F.C.>,,
<Jon_Newby>,<isAffiliatedTo>,<Crewe_Alexandra_F.C.>,,
<Quincy_Jones>,<isCitizenOf>,<Wales>,,
<Horace_Brindley>,<playsFor>,<Norwich_City_F.C.>,,
<Scott_Canham>,<isAffiliatedTo>,<Leyton_Orient_F.C.>,,
<Shaq_Coulthirst>,<isCitizenOf>,<England>,,
<Sean_Newton>,<isCitizenOf>,<England>,,
<Orlando_Engelaar>,<isAffiliatedTo>,<K.R.C._Genk>,,
<Mischa_Barton>,<isCitizenOf>,<England>,,
<Robert_F._Kennedy>,<diedIn>,<Los_Angeles>,,
<Patrick_Kisnorbo>,<playsFor>,<Leeds_United_F.C.>,<occursSince>,2009-##-##
<Patrick_Kisnorbo>,<playsFor>,<Leeds_United_F.C.>,<occursUntil>,2013-##-##
<Chris_Wilder>,<isCitizenOf>,<England>,,
<France>,<participatedIn>,<International_Force_for_East_Timor>,,
<Aaron_Shure>,<wasBornIn>,<United_States>,,
<Rick_Kline>,<isCitizenOf>,<United_States>,,
<Dave_Rogers_(footballer_born_1975)>,<playsFor>,<Dundee_F.C.>,<occursSince>,1997-##-##
<Dave_Rogers_(footballer_born_1975)>,<playsFor>,<Dundee_F.C.>,<occursUntil>,1999-##-##
<Hancock_(film)>,<isLocatedIn>,<United_States>,,
<Gerry_Creaney>,<isCitizenOf>,<Scotland>,,
<Ludacris>,<created>,<Burning_Bridges_(Ludacris_EP)>,,
<Neil_Warnock>,<isAffiliatedTo>,<Barnsley_F.C.>,,
<Keith_Houchen>,<playsFor>,<Leyton_Orient_F.C.>,<occursSince>,1982-##-##
<Keith_Houchen>,<playsFor>,<Leyton_Orient_F.C.>,<occursUntil>,1984-##-##
<John_Sheridan_(footballer)>,<isCitizenOf>,<United_Kingdom>,,
<Kasper_Schmeichel>,<playsFor>,<Notts_County_F.C.>,<occursSince>,2009-##-##
<Kasper_Schmeichel>,<playsFor>,<Notts_County_F.C.>,<occursUntil>,2010-##-##
<Adam_Rooney>,<isAffiliatedTo>,<Bury_F.C.>,,
<Marvel_Entertainment>,<owns>,<Marvel_Comics>,,
<Sean_Connery>,<actedIn>,<The_Name_of_the_Rose_(film)>,,
<Barry_Siddall>,<isAffiliatedTo>,<Stockport_County_F.C.>,,
<Graham_Potter>,<wasBornIn>,<Solihull>,,
<Ryan_Reynolds>,<actedIn>,<Smokin'_Aces>,,
<Keith_Rowland>,<isAffiliatedTo>,<Coventry_City_F.C.>,,
<Graham_Newton>,<playsFor>,<Walsall_F.C.>,<occursSince>,1962-##-##
<Graham_Newton>,<playsFor>,<Walsall_F.C.>,<occursUntil>,1964-##-##
<Chris_Zebroski>,<playsFor>,<Swindon_Town_F.C.>,<occursSince>,2003-##-##
<Chris_Zebroski>,<playsFor>,<Swindon_Town_F.C.>,<occursUntil>,2004-##-##
<Sanchez_Watt>,<isAffiliatedTo>,<Leeds_United_F.C.>,,
<Nikodimos_Papavasiliou>,<playsFor>,<Newcastle_United_F.C.>,,
<Richard_Walker_(footballer_born_1977)>,<isAffiliatedTo>,<Aston_Villa_F.C.>,,
<Kevin_Phillips_(footballer)>,<isAffiliatedTo>,<Aston_Villa_F.C.>,,
<Brian_Jackson_(footballer_born_1933)>,<isAffiliatedTo>,<Burton_Albion_F.C.>,,
<Richard_Key>,<wasBornIn>,<Cambridge>,,
<Gavin_Hoyte>,<isAffiliatedTo>,<Arsenal_F.C.>,,
<Tomislav_Ivić>,<isAffiliatedTo>,<HNK_Hajduk_Split>,,
<Bow_Wow_(rapper)>,<isCitizenOf>,<United_States>,,
<Scott_Sinclair>,<isCitizenOf>,<Scotland>,,
<Chris_Adamson>,<isAffiliatedTo>,<Stockport_County_F.C.>,,
<Scott_Loach>,<playsFor>,<Notts_County_F.C.>,,
<Roberto_Di_Matteo>,<playsFor>,<Chelsea_F.C.>,<occursSince>,1996-##-##
<Roberto_Di_Matteo>,<playsFor>,<Chelsea_F.C.>,<occursUntil>,2002-##-##
<Van_Nest_Polglase>,<diedIn>,<Los_Angeles>,,
<Hartford_Wolf_Pack>,<isLocatedIn>,<Hartford_Connecticut>,,
<Frances_McDormand>,<actedIn>,<Short_Cuts_(film)>,,
<Bertrand_Bossu>,<isAffiliatedTo>,<Gillingham_F.C.>,,
<Diane_Lane>,<actedIn>,<Casting_By>,,
<Donna_Summer>,<wasBornIn>,<Boston>,,
<Tim_Carter_(footballer)>,<isAffiliatedTo>,<Millwall_F.C.>,,
<Shemp_Howard>,<isCitizenOf>,<United_States>,,
<Sean_Dyche>,<playsFor>,<Luton_Town_F.C.>,<occursSince>,1999-##-##
<Karl_Ready>,<isAffiliatedTo>,<Farnborough_F.C.>,,
<Dave_Norton>,<playsFor>,<Hull_City_A.F.C.>,,
<Cape_May_County_New_Jersey>,<isLocatedIn>,<New_Jersey>,,
<Loïc_Rémy>,<isAffiliatedTo>,<Olympique_Lyonnais>,,
<Samuel_M._Comer>,<isCitizenOf>,<United_States>,,
<Arkansas>,<isLocatedIn>,<United_States>,,
<Julian_de_Guzman>,<isAffiliatedTo>,<Canada_men's_national_soccer_team>,,
<John_Guidetti>,<isAffiliatedTo>,<Manchester_City_F.C.>,,
<Madan_Puri>,<isCitizenOf>,<India>,,
<Emerson_(footballer_born_1972)>,<isCitizenOf>,<Cyprus>,,
<Appalachian_Mountains>,<isLocatedIn>,<Virginia>,,
<Paul_Musselwhite>,<isAffiliatedTo>,<Portsmouth_F.C.>,,
<Maurizio_Iorio>,<isAffiliatedTo>,<F.C._Bari_1908>,,
<Epsom>,<isLocatedIn>,<Surrey>,,
<Alou_Diarra>,<playsFor>,<FC_Bayern_Munich>,<occursSince>,2000-##-##
<Alou_Diarra>,<playsFor>,<FC_Bayern_Munich>,<occursUntil>,2002-##-##
<49th_Annual_Grammy_Awards>,<isLocatedIn>,<Los_Angeles>,,
<Owain_Tudur_Jones>,<playsFor>,<Swansea_City_A.F.C.>,<occursSince>,2005-##-##
<Owain_Tudur_Jones>,<playsFor>,<Swansea_City_A.F.C.>,<occursUntil>,2009-##-##
<Bulawayo>,<isLocatedIn>,<Zimbabwe>,,
<Bob_Ludwig>,<hasWonPrize>,<Grammy_Award>,,
<Edmund_Husserl>,<graduatedFrom>,<Leipzig_University>,,
<Chris_Sutton>,<playsFor>,<Birmingham_City_F.C.>,<occursSince>,2006-##-##
<Maurizio_Iorio>,<isAffiliatedTo>,<Inter_Milan>,,
<Darren_Ward_(footballer_born_1974)>,<isAffiliatedTo>,<Notts_County_F.C.>,,
<Richie_Foran>,<playsFor>,<Shelbourne_F.C.>,,
<Anthony_Hopkins>,<actedIn>,<Thor_(film)>,,
<Matuzalém>,<playsFor>,<S.S._Lazio>,,
<Giovanni_Sio>,<isAffiliatedTo>,<SC_Bastia>,,
<Andy_O'Brien_(footballer)>,<isAffiliatedTo>,<Bolton_Wanderers_F.C.>,,
<Lisa_Kudrow>,<isCitizenOf>,<United_States>,,
<Peter_Kyle>,<isAffiliatedTo>,<Leicester_City_F.C.>,,
<Luigi_Radice>,<playsFor>,<A.C._Milan>,<occursSince>,1955-##-##
<Luigi_Radice>,<playsFor>,<A.C._Milan>,<occursUntil>,1965-##-##
<Rwanda>,<hasNeighbor>,<Democratic_Republic_of_the_Congo>,,
<József_Viola>,<isAffiliatedTo>,<A.C._Milan>,,
<State_highways_serving_Virginia_state_institutions>,<isLocatedIn>,<Fredericksburg_Virginia>,,
<Pamela_Adlon>,<hasWonPrize>,<Primetime_Emmy_Award>,,
<Harry_Roberts_(footballer_born_1907)>,<wasBornIn>,<Barrow-in-Furness>,,
<Lee_Canoville>,<playsFor>,<Shrewsbury_Town_F.C.>,<occursSince>,2007-##-##
<Arthur_Phoenix>,<playsFor>,<Shelbourne_F.C.>,,
<Marcus_Hahnemann>,<isCitizenOf>,<Germany>,,
<Carly_Simon>,<isCitizenOf>,<Spain>,,
<Dave_Mackay>,<diedIn>,<Nottingham>,,
<John_Michael_Higgins>,<actedIn>,<For_Your_Consideration_(film)>,,
<Tom_Cowan>,<isAffiliatedTo>,<Huddersfield_Town_A.F.C.>,,
<James_Ingram>,<wasBornIn>,<Akron_Ohio>,,
<Steven_Zaillian>,<hasWonPrize>,<Academy_Award_for_Best_Adapted_Screenplay>,,
<Davide_Dionigi>,<playsFor>,<A.C._Milan>,,
<Graham_Potter>,<playsFor>,<Stoke_City_F.C.>,,
<Scott_McGarvey>,<playsFor>,<Manchester_United_F.C.>,<occursSince>,1980-##-##
<Scott_McGarvey>,<playsFor>,<Manchester_United_F.C.>,<occursUntil>,1984-##-##
<Salt_(2010_film)>,<isLocatedIn>,<United_States>,,
<Barry_Siddall>,<playsFor>,<Bolton_Wanderers_F.C.>,<occursSince>,1972-##-##
<Barry_Siddall>,<playsFor>,<Bolton_Wanderers_F.C.>,<occursUntil>,1976-##-##
<Mark_Nicholls>,<playsFor>,<Partick_Thistle_F.C.>,,
<East_Asia>,<isLocatedIn>,<Guangzhou>,,
<Tajikistan>,<dealsWith>,<Switzerland>,,
<Larry_Fine>,<diedIn>,<Los_Angeles>,,
<Sam_Togwell>,<isAffiliatedTo>,<Barnet_F.C.>,,
<Mark_Rawle>,<playsFor>,<Kidderminster_Harriers_F.C.>,<occursSince>,2005-##-##
<Van_Nuys>,<isLocatedIn>,<California>,,
<Peter_Beadle>,<playsFor>,<Port_Vale_F.C.>,,
<Winnipeg>,<isLocatedIn>,<Canada>,,
<Michael_Laudrup>,<playsFor>,<S.S._Lazio>,,
<Jeffrey_Bruma>,<playsFor>,<Chelsea_F.C.>,<occursSince>,2009-##-##
<Jeffrey_Bruma>,<playsFor>,<Chelsea_F.C.>,<occursUntil>,2013-##-##
<Modibo_Diakité>,<isAffiliatedTo>,<Frosinone_Calcio>,,
<Andy_Gray_(footballer_born_1964)>,<isAffiliatedTo>,<England_national_football_team>,,
<Akiva_Schaffer>,<isCitizenOf>,<United_States>,,
<James_Newton_Howard>,<wroteMusicFor>,<Mumford_(film)>,,
<Gary_Barnett_(footballer)>,<playsFor>,<Oxford_United_F.C.>,<occursSince>,1982-##-##
<Gary_Barnett_(footballer)>,<playsFor>,<Oxford_United_F.C.>,<occursUntil>,1985-##-##
<Willem_Dafoe>,<actedIn>,<Mississippi_Burning>,,
<Charles_Brackett>,<created>,<Sunset_Boulevard_(film)>,,
<Stuart_Elliott_(footballer_born_1977)>,<playsFor>,<Stockport_County_F.C.>,<occursSince>,2000-##-##
<Alan_Daley>,<isAffiliatedTo>,<Cambridge_United_F.C.>,,
<John_Rowlands_(footballer)>,<isAffiliatedTo>,<Crewe_Alexandra_F.C.>,,
<Bram_Stoker>,<isCitizenOf>,<England>,,
<I_Love_You_Phillip_Morris>,<isLocatedIn>,<United_States>,,
<Martin_Thomas_(footballer_born_1959)>,<isAffiliatedTo>,<Aston_Villa_F.C.>,,
<Darren_Byfield>,<isAffiliatedTo>,<Millwall_F.C.>,,
<Drissa_Diallo>,<isCitizenOf>,<France>,,
<Fraizer_Campbell>,<isAffiliatedTo>,<Hull_City_A.F.C.>,,
<Amara_Simba>,<isCitizenOf>,<France>,,
<Mike_Oldfield>,<isCitizenOf>,<England>,,
<Elizabeth_II>,<isCitizenOf>,<Australia>,,
<Davide_Dionigi>,<playsFor>,<Spezia_Calcio>,,
<Saddam_Hussein>,<isPoliticianOf>,<Iraq>,,
<Liev_Schreiber>,<isCitizenOf>,<Scotland>,,
<Paul_Ritchie_(footballer_born_1975)>,<playsFor>,<Bolton_Wanderers_F.C.>,<occursSince>,1999-##-##
<Paul_Ritchie_(footballer_born_1975)>,<playsFor>,<Bolton_Wanderers_F.C.>,<occursUntil>,2000-##-##
<Andy_Dow>,<wasBornIn>,<Dundee>,,
<CBS_Corporation>,<isLocatedIn>,<United_States>,,
<Robert_Louis_Stevenson>,<influences>,<Arthur_Conan_Doyle>,,
<Carl_Alford>,<playsFor>,<Stockport_County_F.C.>,,
<Julie_Walters>,<isCitizenOf>,<England>,,
<Paolo_Sammarco>,<isAffiliatedTo>,<A.C._ChievoVerona>,,
<Somalia>,<dealsWith>,<United_Arab_Emirates>,,
<Serbia>,<dealsWith>,<Italy>,,
<Michael_Connelly>,<isCitizenOf>,<United_States>,,
<Monroe_Louisiana>,<isLocatedIn>,<Louisiana>,,
<Marco_Zanchi>,<isCitizenOf>,<Italy>,,
<Edward_Shearmur>,<wasBornIn>,<London>,,
<Anaheim_California>,<isLocatedIn>,<California>,,
<Ryan_Lowe>,<playsFor>,<Crewe_Alexandra_F.C.>,<occursSince>,2006-##-##
<Ryan_Lowe>,<playsFor>,<Crewe_Alexandra_F.C.>,<occursUntil>,2008-##-##
<Jon_Parkin>,<playsFor>,<Cardiff_City_F.C.>,,
<India>,<hasCurrency>,<Indian_rupee>,,
<Elizabeth_McGovern>,<wasBornIn>,<Evanston_Illinois>,,
<The_Haunting_(1999_film)>,<isLocatedIn>,<United_States>,,
<James_Beattie_(footballer)>,<isAffiliatedTo>,<Leeds_United_F.C.>,,
<Juan_Pablo_Sorín>,<isCitizenOf>,<Argentina>,,
<Gustavo_Franchin_Schiavolin>,<isCitizenOf>,<Russia>,,
<Simon_Colosimo>,<playsFor>,<Manchester_City_F.C.>,,
<Dimitris_Papadopoulos>,<isCitizenOf>,<Croatia>,,
<Greece>,<participatedIn>,<Nicaraguan_Revolution>,,
<Gerry_Peyton>,<playsFor>,<Brentford_F.C.>,<occursSince>,1993-##-##
<Carol_Burnett>,<hasWonPrize>,<Primetime_Emmy_Award>,,
<Late_Show_(CBS_TV_series)>,<isLocatedIn>,<United_States>,,
<Shatrughan_Sinha>,<wasBornIn>,<Patna>,,
<1932_Summer_Olympics>,<isLocatedIn>,<Los_Angeles>,,
<Armand_Assante>,<actedIn>,<American_Gangster_(film)>,,
<21st_Academy_Awards>,<isLocatedIn>,<United_States>,,
<Jamaica>,<dealsWith>,<Canada>,,
<Steven_Soderbergh>,<isCitizenOf>,<Sweden>,,
<Tommy_Anderson_(footballer)>,<isAffiliatedTo>,<A.F.C._Bournemouth>,,
<Vinny_Arkins>,<isCitizenOf>,<Republic_of_Ireland>,,
<Another_Year_(film)>,<isLocatedIn>,<United_Kingdom>,,
<Bob_Curry>,<isAffiliatedTo>,<Leeds_United_F.C.>,,
<Dany_N'Guessan>,<playsFor>,<Lincoln_City_F.C.>,<occursSince>,2007-##-##
<Dany_N'Guessan>,<playsFor>,<Lincoln_City_F.C.>,<occursUntil>,2009-##-##
<Will_Buckley_(footballer)>,<isAffiliatedTo>,<Leeds_United_F.C.>,,
<Linda_Cardellini>,<actedIn>,<Super_(2010_American_film)>,,
<Darren_Potter>,<isCitizenOf>,<United_Kingdom>,,
<Scott_Spencer_(footballer)>,<playsFor>,<Lincoln_City_F.C.>,<occursSince>,2011-##-##
<Kumasi>,<isLocatedIn>,<Ghana>,,
<Uche_Ikpeazu>,<isAffiliatedTo>,<Reading_F.C.>,,
<Kieran_McAnespie>,<playsFor>,<A.F.C._Bournemouth>,<occursSince>,2002-##-##
<Kasey_Keller>,<wasBornIn>,<Olympia_Washington>,,
<Matt_McNeil>,<playsFor>,<Cambridge_United_F.C.>,,
<Patti_Smith>,<isCitizenOf>,<United_States>,,
<Daniel_Kearns_(footballer)>,<isAffiliatedTo>,<West_Ham_United_F.C.>,,
<Reece_Styche>,<playsFor>,<Macclesfield_Town_F.C.>,,
<Chicago_metropolitan_area>,<isLocatedIn>,<Elgin_Illinois>,,
<Scott_McDonald>,<isCitizenOf>,<Australia>,,
<Warren_Aspinall>,<isAffiliatedTo>,<Swansea_City_A.F.C.>,,
<Brad_Friedel>,<isAffiliatedTo>,<United_States_men's_national_soccer_team>,,
<Ryan_Brunt_(footballer)>,<isAffiliatedTo>,<Plymouth_Argyle_F.C.>,,
<Basil_Poledouris>,<wroteMusicFor>,<RoboCop>,,
<Charlie_Miller>,<isAffiliatedTo>,<SK_Brann>,,
<Aly_Cissokho>,<isAffiliatedTo>,<France_national_football_team>,,
<Paul_Evans_(footballer_born_1974)>,<isAffiliatedTo>,<Swindon_Town_F.C.>,,
<James_Newton_Howard>,<wroteMusicFor>,<The_Bourne_Legacy_(film)>,,
<Jordan_Parkes>,<isAffiliatedTo>,<Chelmsford_City_F.C.>,,
<11Eleven_Project>,<isLocatedIn>,<Philippines>,,
<Federico_Giampaolo>,<isCitizenOf>,<Italy>,,
<Steve_Zahn>,<hasWonPrize>,<Independent_Spirit_Awards>,,
<Jimi_Hendrix>,<diedIn>,<Kensington>,,
<Salma_Hayek>,<actedIn>,<Puss_in_Boots_(2011_film)>,,
<Danny_Maddix>,<isAffiliatedTo>,<Grays_Athletic_F.C.>,,
<Frederick_Mearns>,<isAffiliatedTo>,<Grays_Athletic_F.C.>,,
<Carthage>,<isLocatedIn>,<Tunisia>,,
<Chris_Eagles>,<isAffiliatedTo>,<Watford_F.C.>,,
<Jamar_Loza>,<isCitizenOf>,<Jamaica>,,
<Andros_Townsend>,<isCitizenOf>,<Cyprus>,,
<Graham_Potter>,<playsFor>,<Birmingham_City_F.C.>,,
<James_Wallace_(footballer_born_1991)>,<wasBornIn>,<Liverpool>,,
<Jérôme_Leroy_(footballer)>,<isAffiliatedTo>,<Le_Havre_AC>,,
<Ray_Crawford_(footballer)>,<playsFor>,<Colchester_United_F.C.>,<occursSince>,1970-##-##
<Ray_Crawford_(footballer)>,<playsFor>,<Colchester_United_F.C.>,<occursUntil>,1971-##-##
<Ronnie_Wallwork>,<isAffiliatedTo>,<Manchester_United_F.C.>,,
<Rocky_Mountains>,<isLocatedIn>,<Wyoming>,,
<Adrian_Littlejohn>,<isAffiliatedTo>,<Walsall_F.C.>,,
<Simeon_Hodson>,<isAffiliatedTo>,<Lincoln_City_F.C.>,,
<Al_Green>,<livesIn>,<Memphis_Tennessee>,,
<Brian_Parkin>,<playsFor>,<Oldham_Athletic_A.F.C.>,<occursSince>,1983-##-##
<Brian_Parkin>,<playsFor>,<Oldham_Athletic_A.F.C.>,<occursUntil>,1985-##-##
<Van_Johnson>,<actedIn>,<The_Caine_Mutiny_(film)>,,
<Des_Lyttle>,<isAffiliatedTo>,<West_Bromwich_Albion_F.C.>,,
<Jack_Reynolds_(footballer_born_1869)>,<playsFor>,<Aston_Villa_F.C.>,<occursSince>,1893-##-##
<Jack_Reynolds_(footballer_born_1869)>,<playsFor>,<Aston_Villa_F.C.>,<occursUntil>,1897-##-##
<2009_Sundance_Film_Festival>,<isLocatedIn>,<Ogden_Utah>,,
<Wayne_Cegielski>,<isAffiliatedTo>,<Port_Vale_F.C.>,,
<Kevin_Smith>,<created>,<Jersey_Girl_(2004_film)>,,
<Iraq>,<dealsWith>,<Greece>,,
<Patrick_McGoohan>,<actedIn>,<The_Phantom_(1996_film)>,,
<Noah_Taylor>,<wasBornIn>,<London>,,
<Ishmael_Miller>,<playsFor>,<Blackpool_F.C.>,<occursSince>,2014-##-##
<Ishmael_Miller>,<playsFor>,<Blackpool_F.C.>,<occursUntil>,2015-##-##
<Ryan_Hall_(footballer)>,<playsFor>,<Sheffield_United_F.C.>,<occursSince>,2013-##-##
<Keith_Bertschin>,<isAffiliatedTo>,<Birmingham_City_F.C.>,,
<Himesh_Reshammiya>,<wasBornIn>,<Mumbai>,,
<Ismaïl_Aissati>,<isAffiliatedTo>,<SBV_Vitesse>,,
<John_Williams_(footballer_born_1968)>,<playsFor>,<Stoke_City_F.C.>,<occursSince>,1994-##-##
<Steve_Leo_Beleck>,<isCitizenOf>,<Belgium>,,
<Zoran_Rajović>,<isAffiliatedTo>,<FK_Vojvodina>,,
<Terry_Phelan>,<wasBornIn>,<Manchester>,,
<Billy_Knott>,<isAffiliatedTo>,<Port_Vale_F.C.>,,
<Bas_Savage>,<isAffiliatedTo>,<Bury_F.C.>,,
<Gavin_Ward_(footballer)>,<playsFor>,<Hednesford_Town_F.C.>,,
<2017_Romanian_protests>,<happenedIn>,<Vienna>,,
<Georg_Wilhelm_Friedrich_Hegel>,<influences>,<Fredric_Jameson>,,
<David_Giles_(footballer)>,<playsFor>,<Wrexham_A.F.C.>,<occursSince>,1978-##-##
<David_Giles_(footballer)>,<playsFor>,<Wrexham_A.F.C.>,<occursUntil>,1980-##-##
<Mark_Schwarzer>,<playsFor>,<Bradford_City_A.F.C.>,<occursSince>,1996-##-##
<Mark_Schwarzer>,<playsFor>,<Bradford_City_A.F.C.>,<occursUntil>,1997-##-##
<Matt_Stone>,<hasWonPrize>,<Laurence_Olivier_Award>,,
<Richard_Burton>,<actedIn>,<Anne_of_the_Thousand_Days>,,
<Edward_Dmytryk>,<isCitizenOf>,<United_States>,,
<Russell_Brand>,<isCitizenOf>,<United_Kingdom>,,
<Anne_Bancroft>,<isMarriedTo>,<Mel_Brooks>,,
<Keith_Treacy>,<playsFor>,<Sheffield_Wednesday_F.C.>,<occursSince>,2012-##-##
<Billy_Zane>,<actedIn>,<The_Believer_(film)>,,
<Fred_Bevan>,<playsFor>,<Bury_F.C.>,<occursSince>,1906-##-##
<Fred_Bevan>,<playsFor>,<Bury_F.C.>,<occursUntil>,1907-##-##
<Scouting_in_California>,<isLocatedIn>,<Sacramento_California>,,
<Craig_Allardyce>,<isAffiliatedTo>,<Blackpool_F.C.>,,
<Neville_Roach>,<playsFor>,<Farnborough_F.C.>,,
<Drewe_Broughton>,<playsFor>,<Brentford_F.C.>,<occursSince>,1998-##-##
<Billy_Crudup>,<graduatedFrom>,<University_of_North_Carolina_at_Chapel_Hill>,,
<Amartya_Sen>,<livesIn>,<New_York>,,
<Alejandro_Scopelli>,<isAffiliatedTo>,<Valencia_CF>,,
<Jonathan_Walters>,<playsFor>,<Chester_City_F.C.>,<occursSince>,2006-##-##
<Jonathan_Walters>,<playsFor>,<Chester_City_F.C.>,<occursUntil>,2007-##-##
<Tom_Skerritt>,<actedIn>,<MASH_(film)>,,
<René_Descartes>,<graduatedFrom>,<Leiden_University>,,
<Guy_Branston>,<isAffiliatedTo>,<Rotherham_United_F.C.>,,
<Andrew_Lloyd_Webber>,<isCitizenOf>,<England>,,
<Alex_Mathie>,<playsFor>,<Celtic_F.C.>,<occursSince>,1987-##-##
<Alex_Mathie>,<playsFor>,<Celtic_F.C.>,<occursUntil>,1991-##-##
<Jordan_Rose>,<playsFor>,<A.F.C._Telford_United>,,
<Jon_Dahl_Tomasson>,<isAffiliatedTo>,<Roda_JC_Kerkrade>,,
<Terry_Howard>,<playsFor>,<Wycombe_Wanderers_F.C.>,<occursSince>,1995-##-##
<Terry_Howard>,<playsFor>,<Wycombe_Wanderers_F.C.>,<occursUntil>,1996-##-##
<Bill_Wyman>,<wasBornIn>,<Lewisham>,,
<Colin_West>,<isCitizenOf>,<Scotland>,,
<Carlton_Cuse>,<wasBornIn>,<Mexico_City>,,
<Sam_Russell_(footballer_born_1982)>,<isAffiliatedTo>,<Darlington_F.C.>,,
<Kingdom_of_Romania>,<participatedIn>,<Operation_Barbarossa>,,
<Ottoman_Empire>,<participatedIn>,<Napoleonic_Wars>,,
<Ashley_Bayes>,<isAffiliatedTo>,<AFC_Wimbledon>,,
<John_Eustace>,<isAffiliatedTo>,<Coventry_City_F.C.>,,
<Oscar_Gobern>,<playsFor>,<Chesterfield_F.C.>,<occursSince>,2014-##-##
<Kevin_Austin>,<isAffiliatedTo>,<Leyton_Orient_F.C.>,,
<Lloyd_Opara>,<playsFor>,<Peterborough_United_F.C.>,,
<Lampros_Choutos>,<playsFor>,<Inter_Milan>,<occursSince>,2004-##-##
<Lampros_Choutos>,<playsFor>,<Inter_Milan>,<occursUntil>,2007-##-##
<Stuart_Elliott_(footballer_born_1977)>,<playsFor>,<Northwich_Victoria_F.C.>,,
<Dani_Osvaldo>,<playsFor>,<Boca_Juniors>,,
<War_of_the_Spanish_Succession>,<happenedIn>,<South_America>,,
<Lesser_Antilles>,<isLocatedIn>,<Anguilla>,,
<Chris_Coyne>,<playsFor>,<Australia_national_soccer_team>,,
<Andy_Serkis>,<actedIn>,<Inkheart_(film)>,,
<Colm_Feore>,<actedIn>,<Pearl_Harbor_(film)>,,
<Kevin_Dearden>,<playsFor>,<Brentford_F.C.>,,
<Neil_Tarrant>,<playsFor>,<Motherwell_F.C.>,<occursSince>,2001-##-##
<Rodrigo_(footballer_born_1991)>,<playsFor>,<Bolton_Wanderers_F.C.>,<occursSince>,2010-##-##
<Rodrigo_(footballer_born_1991)>,<playsFor>,<Bolton_Wanderers_F.C.>,<occursUntil>,2011-##-##
<Raúl_Díaz_Arce>,<playsFor>,<San_Jose_Earthquakes>,,
<Dick_Advocaat>,<playsFor>,<Sparta_Rotterdam>,<occursSince>,1980-##-##
<Dick_Advocaat>,<playsFor>,<Sparta_Rotterdam>,<occursUntil>,1982-##-##
<2017_Romanian_protests>,<happenedIn>,<Cologne>,,
<Josh_Low>,<isCitizenOf>,<Wales>,,
<Rob_Corddry>,<isCitizenOf>,<United_States>,,
<Russian_Empire>,<participatedIn>,<War_of_the_Fourth_Coalition>,,
<Dave_Metchick>,<playsFor>,<Woking_F.C.>,,
<Colin_Cameron_(footballer)>,<playsFor>,<Wolverhampton_Wanderers_F.C.>,<occursSince>,2001-##-##
<Colin_Cameron_(footballer)>,<playsFor>,<Wolverhampton_Wanderers_F.C.>,<occursUntil>,2006-##-##
<Philippe_Senderos>,<playsFor>,<Rangers_F.C.>,,
<Keith_Bertschin>,<isCitizenOf>,<England>,,
<Kazakhstan>,<dealsWith>,<Germany>,,
<Andy_Linighan>,<isAffiliatedTo>,<Arsenal_F.C.>,,
<John_van_Loen>,<isCitizenOf>,<Belgium>,,
<Traianos_Dellas>,<isAffiliatedTo>,<Atromitos_F.C.>,,
<George_Carlin>,<wasBornIn>,<New_York_City>,,
<Brent_Sancho>,<isAffiliatedTo>,<Portland_Timbers>,,
<Henry_Grace>,<isCitizenOf>,<United_States>,,
<Habsburg_Monarchy>,<participatedIn>,<War_of_the_Polish_Succession>,,
<Uma_Thurman>,<isCitizenOf>,<Scotland>,,
<Danube>,<isLocatedIn>,<Croatia>,,
<Elliot_Goldenthal>,<wroteMusicFor>,<Frida>,,
<Antony_Sher>,<hasWonPrize>,<Drama_Desk_Award>,,
<Brian_Rice_(footballer)>,<isAffiliatedTo>,<Nottingham_Forest_F.C.>,,
<Simon_Heslop>,<isAffiliatedTo>,<Northwich_Victoria_F.C.>,,
<Mark_Wilson_(English_footballer)>,<isAffiliatedTo>,<Walsall_F.C.>,,
<James_Chester>,<playsFor>,<Aston_Villa_F.C.>,<occursSince>,2016-##-##
<Jon_Stone>,<isCitizenOf>,<United_States>,,
<2017_Romanian_protests>,<happenedIn>,<Glasgow>,,
<Tom_Cowan>,<isAffiliatedTo>,<Barrow_A.F.C.>,,
<Shaun_Goater>,<playsFor>,<Coventry_City_F.C.>,<occursSince>,2005-##-##
<Astrit_Ajdarević>,<isAffiliatedTo>,<AEK_Athens_F.C.>,,
<Drewe_Broughton>,<isAffiliatedTo>,<Norwich_City_F.C.>,,
<Fred_Pagnam>,<playsFor>,<Watford_F.C.>,<occursSince>,1921-##-##
<Fred_Pagnam>,<playsFor>,<Watford_F.C.>,<occursUntil>,1926-##-##
<James_Fox>,<wasBornIn>,<London>,,
<Patrick_Agyemang>,<playsFor>,<Stevenage_F.C.>,,
<Matt_Elliott_(footballer)>,<isAffiliatedTo>,<Leicester_City_F.C.>,,
<Yale_Divinity_School>,<isLocatedIn>,<New_Haven_Connecticut>,,
<Nicky_Summerbee>,<playsFor>,<Tranmere_Rovers_F.C.>,<occursSince>,2005-##-##
<Dennis_Rodman>,<isMarriedTo>,<Carmen_Electra>,<occursSince>,1998-11-##
<Dennis_Rodman>,<isMarriedTo>,<Carmen_Electra>,<occursUntil>,1999-04-##
<Geoff_Thomas_(footballer_born_1964)>,<playsFor>,<Rochdale_A.F.C.>,,
<Libya>,<hasNeighbor>,<Tunisia>,,
<Aruna_Irani>,<wasBornIn>,<Mumbai>,,
<Province_of_Como>,<isLocatedIn>,<Como>,,
<Wayne_Biggins>,<isAffiliatedTo>,<Oxford_United_F.C.>,,
<Lucien_Ballard>,<isCitizenOf>,<United_States>,,
<Clint_Hill_(footballer)>,<playsFor>,<Queens_Park_Rangers_F.C.>,,
<Pennine_Alps>,<isLocatedIn>,<Piedmont>,,
<Allan_Holdsworth>,<wasBornIn>,<Bradford>,,
<Epic_Soundtrax>,<isLocatedIn>,<Los_Angeles>,,
<Amari_Morgan-Smith>,<wasBornIn>,<Wolverhampton>,,
<Esteban_Cambiasso>,<wasBornIn>,<Buenos_Aires>,,
<New_Zealand>,<dealsWith>,<Germany>,,
<Arthur_Schopenhauer>,<isCitizenOf>,<Germany>,,
<Alex_Taylor_(footballer)>,<playsFor>,<Partick_Thistle_F.C.>,,
<Michael_Danzey>,<playsFor>,<Nottingham_Forest_F.C.>,,
<Les_Ferdinand>,<playsFor>,<Tottenham_Hotspur_F.C.>,,
<Alex_Rhodes_(footballer)>,<isCitizenOf>,<England>,,
<Patrick_Kluivert>,<playsFor>,<Valencia_CF>,<occursSince>,2005-##-##
<Patrick_Kluivert>,<playsFor>,<Valencia_CF>,<occursUntil>,2006-##-##
<M._Night_Shyamalan>,<directed>,<The_Last_Airbender>,,
<Rafik_Djebbour>,<isAffiliatedTo>,<Panionios_F.C.>,,
<David_O._Russell>,<wasBornIn>,<Manhattan>,,
<Charles_Darwin>,<isCitizenOf>,<Sweden>,,
<Carl_Friedrich_Gauss>,<isCitizenOf>,<Netherlands>,,
<Kemar_Roofe>,<isAffiliatedTo>,<Leeds_United_F.C.>,,
<Jonson_Clarke-Harris>,<isAffiliatedTo>,<Peterborough_United_F.C.>,,
<Otto_Pfister>,<isCitizenOf>,<Senegal>,,
<Alan_Lee_(footballer)>,<isAffiliatedTo>,<Rotherham_United_F.C.>,,
<Steve_Anthrobus>,<isAffiliatedTo>,<Hednesford_Town_F.C.>,,
<Justin_Chambers>,<wasBornIn>,<Springfield_Ohio>,,
<Gary_Waddock>,<playsFor>,<Bristol_Rovers_F.C.>,<occursSince>,1992-##-##
<Gary_Waddock>,<playsFor>,<Bristol_Rovers_F.C.>,<occursUntil>,1994-##-##
<Brian_Taylor_(footballer_born_1937)>,<isAffiliatedTo>,<Shrewsbury_Town_F.C.>,,
<Scott_Barrett_(footballer)>,<isAffiliatedTo>,<Gillingham_F.C.>,,
<Nick_Cusack>,<playsFor>,<Darlington_F.C.>,<occursSince>,1992-##-##
<Monsef_Zerka>,<playsFor>,<Calcio_Catania>,,
<Terrence_McNally>,<hasWonPrize>,<Tony_Award>,,
<Jim_Harvey>,<playsFor>,<Bristol_City_F.C.>,<occursSince>,1987-##-##
<Douglas_Adams>,<wasBornIn>,<Cambridge>,,
<Lawrence_Kasdan>,<directed>,<Wyatt_Earp_(film)>,,
<Jayne_Mansfield>,<isCitizenOf>,<England>,,
<E._G._Marshall>,<isCitizenOf>,<United_States>,,
<India>,<participatedIn>,<Operation_Enduring_Freedom_–_Horn_of_Africa>,,
<David_Crown>,<playsFor>,<Brentford_F.C.>,<occursSince>,1980-##-##
<David_Crown>,<playsFor>,<Brentford_F.C.>,<occursUntil>,1981-##-##
<Cássio_Oliveira>,<isAffiliatedTo>,<Club_Olimpia>,,
<Kinji_Fukasaku>,<diedIn>,<Tokyo>,,
<Peru>,<dealsWith>,<China>,,
<Carl_Bradshaw_(footballer)>,<isAffiliatedTo>,<Manchester_City_F.C.>,,
<Ingmar_Bergman>,<isCitizenOf>,<United_States>,,
<Electric_Daisy_Carnival>,<isLocatedIn>,<Dallas>,,
<Josh_Walker_(English_footballer)>,<playsFor>,<Rotherham_United_F.C.>,<occursSince>,2010-##-##
<Phil_Marsh>,<playsFor>,<Barrow_A.F.C.>,,
<Elizabeth_II>,<isCitizenOf>,<Austria>,,
<Tony_Scully>,<isAffiliatedTo>,<Manchester_City_F.C.>,,
<Orange_County_California>,<isLocatedIn>,<California>,,
<József_Viola>,<isAffiliatedTo>,<Vicenza_Calcio>,,
<Malaysia>,<participatedIn>,<United_Nations_Operation_in_Somalia_II>,,
<Darryl_Flahavan>,<isAffiliatedTo>,<Crystal_Palace_F.C.>,,
<Jyothika>,<hasWonPrize>,<Filmfare_Awards_South>,,
<Scott_McDonald>,<isAffiliatedTo>,<A.F.C._Bournemouth>,,
<Jonatan_Johansson_(footballer)>,<isAffiliatedTo>,<Norwich_City_F.C.>,,
<David_Ogden_Stiers>,<actedIn>,<The_Hunchback_of_Notre_Dame_(1996_film)>,,
<Phil_Stant>,<playsFor>,<Dover_Athletic_F.C.>,,
<Craig_Rocastle>,<playsFor>,<Port_Vale_F.C.>,<occursSince>,2007-##-##
<Craig_Rocastle>,<playsFor>,<Port_Vale_F.C.>,<occursUntil>,2008-##-##
<George_V>,<isCitizenOf>,<Wales>,,
<Cyndi_Lauper>,<isCitizenOf>,<Germany>,,
<Anthony_Pulis>,<playsFor>,<Aldershot_Town_F.C.>,,
<David_Brightwell>,<playsFor>,<Bradford_City_A.F.C.>,,
<Marc_North>,<playsFor>,<Scunthorpe_United_F.C.>,<occursSince>,1986-##-##
<Hayden_Foxe>,<playsFor>,<Leeds_United_F.C.>,<occursSince>,2006-##-##
<Hayden_Foxe>,<playsFor>,<Leeds_United_F.C.>,<occursUntil>,2007-##-##
<Frankie_Sutherland>,<isAffiliatedTo>,<Woking_F.C.>,,
<Kevin_Gallen>,<playsFor>,<Luton_Town_F.C.>,<occursSince>,2008-##-##
<Kevin_Gallen>,<playsFor>,<Luton_Town_F.C.>,<occursUntil>,2009-##-##
<Rosemary_Harris>,<actedIn>,<Sunshine_(1999_film)>,,
<Andy_Petterson>,<playsFor>,<Southend_United_F.C.>,,
<Gabriel_Heinze>,<isCitizenOf>,<Panama>,,
<Sam_Jennings>,<isAffiliatedTo>,<West_Ham_United_F.C.>,,
<Nathan_Fillion>,<actedIn>,<Super_(2010_American_film)>,,
<George_Orwell>,<isCitizenOf>,<Spain>,,
<Simon_Walton>,<playsFor>,<Sheffield_United_F.C.>,<occursSince>,2010-##-##
<Marco_Baroni>,<isAffiliatedTo>,<Delfino_Pescara_1936>,,
<Julia_Roberts>,<isMarriedTo>,<Lyle_Lovett>,<occursSince>,1993-##-##
<Julia_Roberts>,<isMarriedTo>,<Lyle_Lovett>,<occursUntil>,1995-##-##
<Dominic_Blizzard>,<isAffiliatedTo>,<Plymouth_Argyle_F.C.>,,
<Christian_Eduardo_Giménez>,<isAffiliatedTo>,<Hertha_BSC>,,
<David_Hilbert>,<isCitizenOf>,<Russia>,,
<Hugo_Weaving>,<isCitizenOf>,<United_Kingdom>,,
<Assassins_(film)>,<isLocatedIn>,<United_States>,,
<Amelia_(film)>,<isLocatedIn>,<Canada>,,
<Shohreh_Aghdashloo>,<hasWonPrize>,<Independent_Spirit_Awards>,,
<Alex_Rodman>,<isAffiliatedTo>,<Notts_County_F.C.>,,
<James_O'Connor_(footballer_born_1984)>,<playsFor>,<Walsall_F.C.>,,
<Olof_Mellberg>,<isAffiliatedTo>,<AIK_Fotboll>,,
<Jason_Kidd>,<isAffiliatedTo>,<Phoenix_Suns>,,
<John_Fashanu>,<playsFor>,<Aston_Villa_F.C.>,<occursSince>,1994-##-##
<John_Fashanu>,<playsFor>,<Aston_Villa_F.C.>,<occursUntil>,1995-##-##
<The_Scorpion_King>,<isLocatedIn>,<Germany>,,
<Kenny_Burns>,<playsFor>,<Derby_County_F.C.>,<occursSince>,1984-##-##
<Kenny_Burns>,<playsFor>,<Derby_County_F.C.>,<occursUntil>,1985-##-##
<Paul_Allen_(footballer)>,<isAffiliatedTo>,<West_Ham_United_F.C.>,,
<Lee_Hodges_(footballer_born_1978)>,<playsFor>,<Ipswich_Town_F.C.>,<occursSince>,1998-##-##
<Simeon_Jackson>,<playsFor>,<Coventry_City_F.C.>,<occursSince>,2014-##-##
<Simeon_Jackson>,<playsFor>,<Coventry_City_F.C.>,<occursUntil>,2015-##-##
<Oliver_Bozanic>,<isCitizenOf>,<Switzerland>,,
<Dean_Brill>,<playsFor>,<Oldham_Athletic_A.F.C.>,<occursSince>,2009-##-##
<Dean_Brill>,<playsFor>,<Oldham_Athletic_A.F.C.>,<occursUntil>,2011-##-##
<Abel_Xavier>,<playsFor>,<Everton_F.C.>,,
<St._Louis_Blues>,<isLocatedIn>,<Missouri>,,
<Ray_Hankin>,<isCitizenOf>,<England>,,
<Dominic_West>,<livesIn>,<Hammersmith>,,
<Joseph_S._O'Leary>,<isInterestedIn>,<Georg_Wilhelm_Friedrich_Hegel>,,
<Mike_Marsh_(footballer)>,<isAffiliatedTo>,<Galatasaray_S.K._(football)>,,
<Gary_Kelly_(footballer_born_1966)>,<playsFor>,<Sheffield_United_F.C.>,,
<Brian_Austin_Green>,<isCitizenOf>,<United_States>,,
<Will_Ferrell>,<isCitizenOf>,<United_States>,,
<Paul_Fitzpatrick>,<isCitizenOf>,<England>,,
<John_Guidetti>,<isAffiliatedTo>,<Celtic_F.C.>,,
<Steve_Taylor_(footballer)>,<isAffiliatedTo>,<Luton_Town_F.C.>,,
<Crispin_Freeman>,<isCitizenOf>,<United_States>,,
<Aron_Winter>,<isAffiliatedTo>,<AFC_Ajax>,,
<Bondz_N'Gala>,<isAffiliatedTo>,<Yeovil_Town_F.C.>,,
<Peter_Ramage>,<playsFor>,<Newcastle_United_F.C.>,<occursSince>,2004-##-##
<Peter_Ramage>,<playsFor>,<Newcastle_United_F.C.>,<occursUntil>,2008-##-##
<Antoine_Sibierski>,<playsFor>,<Newcastle_United_F.C.>,<occursSince>,2006-##-##
<Antoine_Sibierski>,<playsFor>,<Newcastle_United_F.C.>,<occursUntil>,2007-##-##
<Lee_Morris_(footballer)>,<isAffiliatedTo>,<Hereford_United_F.C.>,,
<Matt_Jackson>,<isAffiliatedTo>,<Watford_F.C.>,,
<Mark_Hamill>,<actedIn>,<Star_Wars_Holiday_Special>,,
<Zoran_Rajović>,<isCitizenOf>,<Israel>,,
<Krisztián_Németh>,<isCitizenOf>,<Hungary>,,
<Ronald_Reagan>,<isMarriedTo>,<Jane_Wyman>,<occursSince>,1940-01-26
<Ronald_Reagan>,<isMarriedTo>,<Jane_Wyman>,<occursUntil>,1949-07-19
<Anatole_Litvak>,<diedIn>,<Neuilly-sur-Seine>,,
<Thomas_Edison>,<isCitizenOf>,<United_States>,,
<Romano_Perticone>,<playsFor>,<U.C._Sampdoria>,,
<Niels_Bohr>,<wasBornIn>,<Copenhagen>,,
<Paul_Bannon>,<playsFor>,<Cardiff_City_F.C.>,<occursSince>,1984-##-##
<Brett_Angell>,<isAffiliatedTo>,<Walsall_F.C.>,,
<John_Moncur>,<isAffiliatedTo>,<West_Ham_United_F.C.>,,
<Maulik_Pancholy>,<isCitizenOf>,<India>,,
<United_States>,<participatedIn>,<Apache_Wars>,,
<Clinton_Morrison>,<isCitizenOf>,<England>,,
<John_Byrne_(footballer_born_1939)>,<isAffiliatedTo>,<Barnsley_F.C.>,,
<Jon_Beswetherick>,<isAffiliatedTo>,<Kidderminster_Harriers_F.C.>,,
<Alex_Cisak>,<isAffiliatedTo>,<Leyton_Orient_F.C.>,,
<UEFA>,<isLocatedIn>,<Europe>,,
<Jay_Bothroyd>,<playsFor>,<Coventry_City_F.C.>,<occursSince>,2000-##-##
<Jay_Bothroyd>,<playsFor>,<Coventry_City_F.C.>,<occursUntil>,2003-##-##
<Bruce_Greenwood>,<actedIn>,<Swept_Away_(2002_film)>,,
<Graham_Greene_(actor)>,<actedIn>,<The_Green_Mile_(film)>,,
<Gale_Anne_Hurd>,<isCitizenOf>,<United_States>,,
<Sean_Astin>,<actedIn>,<Click_(2006_film)>,,
<David_Davis_(footballer)>,<isAffiliatedTo>,<Darlington_F.C.>,,
<Clint_Eastwood>,<directed>,<Million_Dollar_Baby>,,
<Daniel_Webb_(footballer)>,<playsFor>,<Hull_City_A.F.C.>,<occursSince>,2002-##-##
<Daniel_Webb_(footballer)>,<playsFor>,<Hull_City_A.F.C.>,<occursUntil>,2004-##-##
<Louis_Saha>,<wasBornIn>,<Paris>,,
<Rod_Steiger>,<isCitizenOf>,<France>,,
<Jonny_Margetts>,<playsFor>,<Tranmere_Rovers_F.C.>,<occursSince>,2015-##-##
<Jonny_Margetts>,<playsFor>,<Tranmere_Rovers_F.C.>,<occursUntil>,2016-##-##
<Lee_Ho_(footballer_born_1984)>,<isAffiliatedTo>,<South_Korea_national_football_team>,,
<Colin_Cramb>,<isAffiliatedTo>,<Bristol_City_F.C.>,,
<Ginger_Rogers>,<wasBornIn>,<Independence_Missouri>,,
<Craig_Davies_(footballer)>,<isAffiliatedTo>,<Brighton_&_Hove_Albion_F.C.>,,
<Abel_Xavier>,<isAffiliatedTo>,<PSV_Eindhoven>,,
<Gregor_Rioch>,<isAffiliatedTo>,<Macclesfield_Town_F.C.>,,
<David_Boreanaz>,<isCitizenOf>,<Slovenia>,,
<Adam_Griffiths>,<isCitizenOf>,<Australia>,,
<Law_&_Order>,<isLocatedIn>,<United_States>,,
<Peter_Stone>,<hasWonPrize>,<Emmy_Award>,,
<Ventura_California>,<isLocatedIn>,<United_States>,,
<Wayne_Gray_(footballer)>,<isAffiliatedTo>,<Grays_Athletic_F.C.>,,
<Pablo_Mills>,<isAffiliatedTo>,<Derby_County_F.C.>,,
<Ed_Helms>,<actedIn>,<The_Hangover>,,
<Carlos_Tevez>,<isCitizenOf>,<Argentina>,,
<Jack_Warden>,<actedIn>,<Bulworth>,,
<Kei_Kamara>,<isAffiliatedTo>,<Sierra_Leone_national_football_team>,,
<Girl_Interrupted_(film)>,<isLocatedIn>,<United_States>,,
<Chris_Killen>,<playsFor>,<Wrexham_A.F.C.>,,
<George_Hamilton_(actor)>,<actedIn>,<The_Godfather_Part_III>,,
<Lee_Martin_(footballer_born_1987)>,<playsFor>,<Wimbledon_F.C.>,<occursSince>,2003-##-##
<Vladimir_Petrović>,<isAffiliatedTo>,<Red_Star_Belgrade>,,
<Kelly_Preston>,<actedIn>,<Jerry_Maguire>,,
<Heiner_Backhaus>,<playsFor>,<Olympiakos_Nicosia>,,
<George_Segal>,<isCitizenOf>,<Russia>,,
<Nick_Wright_(footballer_born_1987)>,<isCitizenOf>,<England>,,
<Christian_Vieri>,<playsFor>,<A.C._Milan>,<occursSince>,2005-##-##
<Christian_Vieri>,<playsFor>,<A.C._Milan>,<occursUntil>,2006-##-##
<Paul_Haggis>,<livesIn>,<Santa_Monica_California>,,
<James_Horner>,<created>,<Willow_(film)>,,
<Sabri_Lamouchi>,<isAffiliatedTo>,<Inter_Milan>,,
<Harry_Gregson-Williams>,<wroteMusicFor>,<Kingdom_of_Heaven_(film)>,,
<Bridget_Fonda>,<isCitizenOf>,<Netherlands>,,
<Emmanuel_Omoyinmi>,<playsFor>,<Oxford_United_F.C.>,<occursSince>,2000-##-##
<Emmanuel_Omoyinmi>,<playsFor>,<Oxford_United_F.C.>,<occursUntil>,2004-##-##
<Kyle_MacLachlan>,<actedIn>,<The_Flintstones_(film)>,,
<Ben_Chorley>,<playsFor>,<Arsenal_F.C.>,<occursSince>,2001-##-##
<Ben_Chorley>,<playsFor>,<Arsenal_F.C.>,<occursUntil>,2003-##-##
<Arthur_Sharp_(footballer)>,<playsFor>,<Reading_F.C.>,<occursSince>,1928-##-##
<Kris_Taylor>,<playsFor>,<Manchester_United_F.C.>,<occursSince>,2001-##-##
<Kris_Taylor>,<playsFor>,<Manchester_United_F.C.>,<occursUntil>,2003-##-##
<Robert_Vaughn>,<isCitizenOf>,<United_States>,,
<Jennifer_Love_Hewitt>,<isCitizenOf>,<France>,,
<Gus_Uhlenbeek>,<playsFor>,<Mansfield_Town_F.C.>,,
<Joey_Barton>,<playsFor>,<Olympique_de_Marseille>,<occursSince>,2012-##-##
<Joey_Barton>,<playsFor>,<Olympique_de_Marseille>,<occursUntil>,2013-##-##
<Claudio_Ranieri>,<playsFor>,<Calcio_Catania>,<occursSince>,1982-##-##
<Claudio_Ranieri>,<playsFor>,<Calcio_Catania>,<occursUntil>,1984-##-##
<Bonnie_Hunt>,<actedIn>,<A_Bug's_Life>,,
<Mickaël_Antoine-Curier>,<playsFor>,<Oldham_Athletic_A.F.C.>,,
<Wayne_Routledge>,<playsFor>,<Queens_Park_Rangers_F.C.>,<occursSince>,2009-##-##
<Wayne_Routledge>,<playsFor>,<Queens_Park_Rangers_F.C.>,<occursUntil>,2010-##-##
<Geoff_Thomas_(footballer_born_1964)>,<isAffiliatedTo>,<Crewe_Alexandra_F.C.>,,
<David_Hibbert>,<playsFor>,<Preston_North_End_F.C.>,<occursSince>,2005-##-##
<David_Hibbert>,<playsFor>,<Preston_North_End_F.C.>,<occursUntil>,2007-##-##
<Jennifer_Lopez>,<isCitizenOf>,<Puerto_Rico>,,
<Artie_Lange>,<wasBornIn>,<Livingston_New_Jersey>,,
<Steve_Torpey_(footballer_born_1970)>,<isAffiliatedTo>,<Scunthorpe_United_F.C.>,,
<Tony_Cottee>,<isAffiliatedTo>,<England_national_football_team>,,
<Matthew_Perry>,<isCitizenOf>,<United_States>,,
<Nathan_Delfouneso>,<playsFor>,<Burnley_F.C.>,<occursSince>,2011-##-##
<Edward_Said>,<wasBornIn>,<Jerusalem>,,
<State_of_Mexico>,<isLocatedIn>,<Mexico>,,
<Seol_Ki-hyeon>,<isCitizenOf>,<England>,,
<Gordon_Cowans>,<isCitizenOf>,<England>,,
<Alex_Smith_(footballer_born_1976)>,<isCitizenOf>,<England>,,
<Belgrade>,<isLocatedIn>,<Serbia>,,
<Graham_Roberts>,<isAffiliatedTo>,<West_Bromwich_Albion_F.C.>,,
<Marc_Goodfellow>,<playsFor>,<Swansea_City_A.F.C.>,<occursSince>,2004-##-##
<Marc_Goodfellow>,<playsFor>,<Swansea_City_A.F.C.>,<occursUntil>,2006-##-##
<Chris_Pronger>,<isCitizenOf>,<Canada>,,
<Carlos_Ruiz_(Guatemalan_footballer)>,<playsFor>,<D.C._United>,,
<Hugo_Weaving>,<actedIn>,<The_Matrix>,,
<Anil_Kapoor>,<isCitizenOf>,<India>,,
<Jason_van_Blerk>,<isAffiliatedTo>,<Millwall_F.C.>,,
<Normandy>,<isLocatedIn>,<Rouen>,,
<Warren_Feeney>,<isAffiliatedTo>,<Sheffield_Wednesday_F.C.>,,
<Paul_Holsgrove>,<isAffiliatedTo>,<Brighton_&_Hove_Albion_F.C.>,,
<Terry_Dunfield>,<isAffiliatedTo>,<Canada_men's_national_soccer_team>,,
<Ariel_Graziani>,<isAffiliatedTo>,<Newell's_Old_Boys>,,
<Daniel_Jones_(footballer)>,<isAffiliatedTo>,<Notts_County_F.C.>,,
<Lewis_Montrose>,<isAffiliatedTo>,<Wigan_Athletic_F.C.>,,
<Luke_Daniels>,<isCitizenOf>,<England>,,
<Tangled>,<isLocatedIn>,<United_States>,,
<46th_Academy_Awards>,<happenedIn>,<Dorothy_Chandler_Pavilion>,,
<Randy_Travis>,<isCitizenOf>,<United_States>,,
<Byron_Webster>,<playsFor>,<Harrogate_Town_F.C.>,<occursSince>,2007-##-##
<Lee_J._Cobb>,<actedIn>,<The_Exorcist_(film)>,,
<Darren_Ward_(footballer_born_1974)>,<playsFor>,<Nottingham_Forest_F.C.>,<occursSince>,2001-##-##
<Darren_Ward_(footballer_born_1974)>,<playsFor>,<Nottingham_Forest_F.C.>,<occursUntil>,2004-##-##
<XXX_(2002_film)>,<isLocatedIn>,<United_States>,,
<Burt_Lancaster>,<hasWonPrize>,<Venice_Film_Festival>,,
<Chris_Crowe>,<wasBornIn>,<Newcastle_upon_Tyne>,,
<Clayton_McDonald>,<isCitizenOf>,<England>,,
<Harry_Worley>,<playsFor>,<Stevenage_F.C.>,<occursSince>,2014-##-##
<Harry_Worley>,<playsFor>,<Stevenage_F.C.>,<occursUntil>,2015-##-##
<Art_Carney>,<actedIn>,<Last_Action_Hero>,,
<Chris_Cooper>,<actedIn>,<Capote_(film)>,,
<Walter_Samuel>,<playsFor>,<Newell's_Old_Boys>,<occursSince>,1996-##-##
<Walter_Samuel>,<playsFor>,<Newell's_Old_Boys>,<occursUntil>,1997-##-##
<Jimmy_Fallon>,<hasWonPrize>,<Grammy_Award>,,
<Harry_Warren>,<wasBornIn>,<Brooklyn>,,
<Emyr_Huws>,<playsFor>,<Manchester_City_F.C.>,<occursSince>,2012-##-##
<Emyr_Huws>,<playsFor>,<Manchester_City_F.C.>,<occursUntil>,2014-##-##
<Ben_Affleck>,<actedIn>,<Dogma_(film)>,,
<Iago_Falque>,<playsFor>,<Genoa_C.F.C.>,,
<Hillsborough_County_New_Hampshire>,<isLocatedIn>,<Nashua_New_Hampshire>,,
<Billy_Hendry>,<playsFor>,<Dundee_F.C.>,<occursSince>,1895-##-##
<Chevy_Chase>,<wasBornIn>,<New_York_City>,,
<English_Civil_War>,<happenedIn>,<Kingdom_of_England>,,
<Wyatt_Cenac>,<isCitizenOf>,<United_States>,,
<Eric_Wynalda>,<playsFor>,<New_England_Revolution>,,
<Glen_Southam>,<playsFor>,<Eastleigh_F.C.>,,
<Wayne_Dyer_(footballer)>,<playsFor>,<Walsall_F.C.>,<occursSince>,1998-##-##
<Jacques_Derrida>,<influences>,<Edward_Said>,,
<Mel_Brooks>,<wasBornIn>,<Brooklyn>,,
<Michael_Shannon>,<actedIn>,<Take_Shelter>,,
<James_Beattie_(footballer)>,<playsFor>,<Rangers_F.C.>,<occursSince>,2010-##-##
<James_Beattie_(footballer)>,<playsFor>,<Rangers_F.C.>,<occursUntil>,2011-##-##
<Ralph_Bellamy>,<isCitizenOf>,<United_States>,,
<Carol_Burnett>,<isCitizenOf>,<United_States>,,
<Eritrea>,<participatedIn>,<Operation_Enduring_Freedom_–_Horn_of_Africa>,,
<James_L._Brooks>,<hasWonPrize>,<Writers_Guild_of_America_Award>,,
<United_States>,<participatedIn>,<Operation_Serval>,,
<Amartya_Sen>,<isCitizenOf>,<Bangladesh>,,
<Emanuele_Pesaresi>,<isAffiliatedTo>,<Ternana_Calcio>,,
<St._Louis_Blues>,<isLocatedIn>,<St._Louis>,,
<Rajinikanth>,<wasBornIn>,<Bangalore>,,
<Albert_Holmes_(footballer_born_1885)>,<playsFor>,<Coventry_City_F.C.>,<occursSince>,1911-##-##
<Albert_Holmes_(footballer_born_1885)>,<playsFor>,<Coventry_City_F.C.>,<occursUntil>,1914-##-##
