subject	predicate	object	MakeStatement
<Armed_Gang_(Libya)>	<Carry_out_suicide_bombing>	<Police_(Libya)>	<Court_Judge_(Iraq)>
<Jonah_David_Jang>	<Make_an_appeal_or_request>	<Citizen_(Nigeria)>	<Government_(Nigeria)>
<Iraq>	<Arrest_detain_or_charge_with_legal_action>	<Haider_Al-Abadi>	<National_Alliance_(Iraq)>
<Iraq>	<Arrest_detain_or_charge_with_legal_action>	<Haider_Al-Abadi>	<Nuri_al-Maliki>
<Iraq>	<Arrest_detain_or_charge_with_legal_action>	<Haider_Al-Abadi>	<Militant_(Iraq)>
<Iraq>	<Arrest_detain_or_charge_with_legal_action>	<Haider_Al-Abadi>	<Business_(Iraq)>
<Iraq>	<Arrest_detain_or_charge_with_legal_action>	<Haider_Al-Abadi>	<Iran>
<Dissident_(China)>	<Accuse>	<Other_Authorities_/_Officials_(China)>	<Military_Personnel_(Mali)>
<Federica_Mogherini>	<Make_a_visit>	<Iraq>	<Foreign_Affairs_(Russia)>
<Federica_Mogherini>	<Make_a_visit>	<Iraq>	<Algirdas_Butkevičius>
<Police_(Egypt)>	<Arrest_detain_or_charge_with_legal_action>	<Criminal_(Egypt)>	<Agence_France-Presse>
<Police_(Egypt)>	<Arrest_detain_or_charge_with_legal_action>	<Criminal_(Egypt)>	<Armed_Gang_(Egypt)>
<Lawmaker_(Syria)>	<Criticize_or_denounce>	<Main_Opposition_(Syria)>	<Villager_(Hong_Kong)>
<Maldives>	<Sign_formal_agreement>	<China>	<Afghanistan>
<Intelligence_and_Security_Committee>	<Investigate>	<Senate_(United_Kingdom)>	<Court_Judge_(Honduras)>
<Protester_(Hong_Kong)>	<Engage_in_material_cooperation>	<Student_(Hong_Kong)>	<China>
<Islamic_Preacher_(Iran)>	<Consult>	<Iran>	<Iran>
<Citizen_(Kenya)>	<Kill_by_physical_assault>	<Police_(Kenya)>	<Volvo>
<Thailand>	<Provide_humanitarian_aid>	<Citizen_(Thailand)>	<Cambodia>
<Malawi>	<Express_intent_to_cooperate>	<Civil_Servant_(Malawi)>	<Fidesz>
<Lawyer/Attorney_(Uganda)>	<Appeal_for_intelligence>	<Police_(Uganda)>	<Kivutha_Kibwana>
<Governor_(Kenya)>	<Yield>	<Citizen_(Kenya)>	<James_Ongwae>
<Governor_(Kenya)>	<Yield>	<Citizen_(Kenya)>	<Government_(Kenya)>
<Interim_Government_(Thailand)>	<Make_an_appeal_or_request>	<Citizen_(Thailand)>	<Labor_Union_(Canada)>
<Abdel_Fattah_Al-Sisi>	<Consult>	<Qatar>	<Media_(Africa)>
<Abdel_Fattah_Al-Sisi>	<Consult>	<Qatar>	<Secretariat_(Egypt)>
<Abdel_Fattah_Al-Sisi>	<Consult>	<Qatar>	<Army_Personnel_(Egypt)>
<High_Commission_for_Refugees>	<Make_an_appeal_or_request>	<Citizen_(Sudan)>	<Iran>
<Citizen_(Nigeria)>	<Accuse_of_human_rights_abuses>	<Oluṣẹgun_Ọbasanjọ>	<Employee_(Kuwait)>
<Iran>	<Host_a_visit>	<Wael_al-Halki>	<Morteza_Sarmadi>
<Iran>	<Host_a_visit>	<Wael_al-Halki>	<Edgars_Rinkevics>
<Iran>	<Host_a_visit>	<Wael_al-Halki>	<Barack_Obama>
<Iran>	<Host_a_visit>	<Wael_al-Halki>	<Mohammad_Javad_Zarif>
<Iran>	<Host_a_visit>	<Wael_al-Halki>	<Morocco>
<Iran>	<Host_a_visit>	<Wael_al-Halki>	<Iraq>
<Djoomart_Otorbaev>	<Consult>	<Dmitry_Anatolyevich_Medvedev>	<Salvador_Sánchez_Cerén>
<Head_of_Government_(Egypt)>	<Sign_formal_agreement>	<Xi_Jinping>	<Boko_Haram>
<Sergey_Viktorovich_Lavrov>	<Meet_at_a_'third'_location>	<Cabinet_/_Council_of_Ministers_/_Advisors_(United_States)>	<ITAR_TASS>
<Sergey_Viktorovich_Lavrov>	<Meet_at_a_'third'_location>	<Cabinet_/_Council_of_Ministers_/_Advisors_(United_States)>	<Foreign_Affairs_(Russia)>
<Sergey_Viktorovich_Lavrov>	<Meet_at_a_'third'_location>	<Cabinet_/_Council_of_Ministers_/_Advisors_(United_States)>	<John_Kerry>
<Sergey_Viktorovich_Lavrov>	<Meet_at_a_'third'_location>	<Cabinet_/_Council_of_Ministers_/_Advisors_(United_States)>	<RIA_Novosti>
<Sergey_Viktorovich_Lavrov>	<Meet_at_a_'third'_location>	<Cabinet_/_Council_of_Ministers_/_Advisors_(United_States)>	<Joseph_Robinette_Biden>
<Sergey_Viktorovich_Lavrov>	<Meet_at_a_'third'_location>	<Cabinet_/_Council_of_Ministers_/_Advisors_(United_States)>	<Iran>
<Sergey_Viktorovich_Lavrov>	<Meet_at_a_'third'_location>	<Cabinet_/_Council_of_Ministers_/_Advisors_(United_States)>	<UN_Security_Council>
<Sergey_Viktorovich_Lavrov>	<Meet_at_a_'third'_location>	<Cabinet_/_Council_of_Ministers_/_Advisors_(United_States)>	<Victoria_Nuland>
<Sergey_Viktorovich_Lavrov>	<Meet_at_a_'third'_location>	<Cabinet_/_Council_of_Ministers_/_Advisors_(United_States)>	<Pavel_Gubarev>
<John_Kerry>	<Express_intent_to_cooperate>	<Georgian_Party>	<Iran>
<John_Kerry>	<Express_intent_to_cooperate>	<Georgian_Party>	<Foreign_Affairs_(Honduras)>
<John_Kerry>	<Express_intent_to_cooperate>	<Georgian_Party>	<Sergey_Viktorovich_Lavrov>
<John_Kerry>	<Express_intent_to_cooperate>	<Georgian_Party>	<Iraq>
<John_Kerry>	<Express_intent_to_cooperate>	<Georgian_Party>	<China>
<John_Kerry>	<Express_intent_to_cooperate>	<Georgian_Party>	<National_Coalition_for_Syrian_Revolutionary_and_Opposition_Forces>
<John_Kerry>	<Express_intent_to_cooperate>	<Georgian_Party>	<UN_Security_Council>
<John_Kerry>	<Express_intent_to_cooperate>	<Georgian_Party>	<Angola>
<John_Kerry>	<Express_intent_to_cooperate>	<Georgian_Party>	<North_Korea>
<John_Kerry>	<Express_intent_to_cooperate>	<Georgian_Party>	<Haider_Al-Abadi>
<Police_(Australia)>	<Coerce>	<Citizen_(Australia)>	<Sue-Ellen_Kovack>
<Police_(Australia)>	<Coerce>	<Citizen_(Australia)>	<Media_Personnel_(Australia)>
<Police_(United_States)>	<Arrest_detain_or_charge_with_legal_action>	<Citizen_(Australia)>	<Volvo>
<Police_(United_States)>	<Arrest_detain_or_charge_with_legal_action>	<Citizen_(Australia)>	<Mexico>
<Police_(United_States)>	<Arrest_detain_or_charge_with_legal_action>	<Citizen_(Australia)>	<Mark_Lyall_Grant>
<Police_(United_States)>	<Arrest_detain_or_charge_with_legal_action>	<Citizen_(Australia)>	<Emilio_Pérez_Touriño>
<Police_(United_States)>	<Arrest_detain_or_charge_with_legal_action>	<Citizen_(Australia)>	<Defense_/_Security_Ministry_(Angola)>
<Retno_Marsudi>	<Discuss_by_telephone>	<Julie_Bishop>	<Foreign_Affairs_(Russia)>
<Citizen_(India)>	<Express_intent_to_meet_or_negotiate>	<Justice_Department/Ministery_(India)>	<Education_(Nigeria)>
<Government_(Nigeria)>	<Use_conventional_military_force>	<Boko_Haram>	<Medical_Personnel_(Nigeria)>
<Government_(Nigeria)>	<Use_conventional_military_force>	<Boko_Haram>	<Court_Judge_(Nigeria)>
<Government_(Nigeria)>	<Use_conventional_military_force>	<Boko_Haram>	<Education_(Nigeria)>
<Government_(Nigeria)>	<Use_conventional_military_force>	<Boko_Haram>	<Ethnic_Group_(Nigeria)>
<Government_(Nigeria)>	<Use_conventional_military_force>	<Boko_Haram>	<Boko_Haram>
<Government_(Nigeria)>	<Use_conventional_military_force>	<Boko_Haram>	<Fula_people>
<Government_(Nigeria)>	<Use_conventional_military_force>	<Boko_Haram>	<Ogbeni_Rauf_Aregbesola>
<China>	<Arrest_detain_or_charge_with_legal_action>	<Businessperson_(China)>	<Afghanistan>
<China>	<Arrest_detain_or_charge_with_legal_action>	<Businessperson_(China)>	<Military_(China)>
<China>	<Arrest_detain_or_charge_with_legal_action>	<Businessperson_(China)>	<Myanmar>
<China>	<Arrest_detain_or_charge_with_legal_action>	<Businessperson_(China)>	<Vietnam>
<China>	<Arrest_detain_or_charge_with_legal_action>	<Businessperson_(China)>	<Iran>
<China>	<Arrest_detain_or_charge_with_legal_action>	<Businessperson_(China)>	<Japan>
<China>	<Arrest_detain_or_charge_with_legal_action>	<Businessperson_(China)>	<Media_(Nigeria)>
<Citizen_(Southeast_Asia)>	<Demand>	<North_Korea>	<Priest_(Uganda)>
<Mexico>	<Arrest_detain_or_charge_with_legal_action>	<Criminal_(Mexico)>	<Indigenous_People_(India)>
<Afghanistan>	<Sign_formal_agreement>	<Iran>	<Armed_Band_(Afghanistan)>
<Afghanistan>	<Sign_formal_agreement>	<Iran>	<Abdullah_Abdullah>
<Afghanistan>	<Sign_formal_agreement>	<Iran>	<Armed_Gang_(Afghanistan)>
<China>	<Express_intent_to_engage_in_diplomatic_cooperation_(such_as_policy_support)>	<Thailand>	<Afghanistan>
<China>	<Express_intent_to_engage_in_diplomatic_cooperation_(such_as_policy_support)>	<Thailand>	<Military_(China)>
<China>	<Express_intent_to_engage_in_diplomatic_cooperation_(such_as_policy_support)>	<Thailand>	<Myanmar>
<China>	<Express_intent_to_engage_in_diplomatic_cooperation_(such_as_policy_support)>	<Thailand>	<Vietnam>
<China>	<Express_intent_to_engage_in_diplomatic_cooperation_(such_as_policy_support)>	<Thailand>	<Iran>
<China>	<Express_intent_to_engage_in_diplomatic_cooperation_(such_as_policy_support)>	<Thailand>	<Japan>
<China>	<Express_intent_to_engage_in_diplomatic_cooperation_(such_as_policy_support)>	<Thailand>	<Media_(Nigeria)>
<Sergey_Viktorovich_Lavrov>	<Consult>	<Mevlut_Cavusoglu>	<ITAR_TASS>
<Sergey_Viktorovich_Lavrov>	<Consult>	<Mevlut_Cavusoglu>	<Foreign_Affairs_(Russia)>
<Sergey_Viktorovich_Lavrov>	<Consult>	<Mevlut_Cavusoglu>	<John_Kerry>
<Sergey_Viktorovich_Lavrov>	<Consult>	<Mevlut_Cavusoglu>	<RIA_Novosti>
<Sergey_Viktorovich_Lavrov>	<Consult>	<Mevlut_Cavusoglu>	<Joseph_Robinette_Biden>
<Sergey_Viktorovich_Lavrov>	<Consult>	<Mevlut_Cavusoglu>	<Iran>
<Sergey_Viktorovich_Lavrov>	<Consult>	<Mevlut_Cavusoglu>	<UN_Security_Council>
<Sergey_Viktorovich_Lavrov>	<Consult>	<Mevlut_Cavusoglu>	<Victoria_Nuland>
<Sergey_Viktorovich_Lavrov>	<Consult>	<Mevlut_Cavusoglu>	<Pavel_Gubarev>
<South_Sudan>	<Sign_formal_agreement>	<Sudan>	<Riek_Machar>
<UN_Security_Council>	<Impose_embargo_boycott_or_sanctions>	<Iran>	<Sudan>
<UN_Security_Council>	<Impose_embargo_boycott_or_sanctions>	<Iran>	<Government_(Syria)>
<UN_Security_Council>	<Impose_embargo_boycott_or_sanctions>	<Iran>	<Other_Authorities_/_Officials_(Russia)>
<North_Korea>	<Make_an_appeal_or_request>	<UN_Security_Council>	<South_Korea>
<North_Korea>	<Make_an_appeal_or_request>	<UN_Security_Council>	<Japan>
<North_Korea>	<Make_an_appeal_or_request>	<UN_Security_Council>	<Tourist_(United_States)>
<Interfax>	<Discuss_by_telephone>	<Foreign_Affairs_(Russia)>	<John_Kerry>
<Defense_/_Security_Ministry_(United_States)>	<Make_a_visit>	<Kuwait>	<North_Korea>
<Defense_/_Security_Ministry_(United_States)>	<Make_a_visit>	<Kuwait>	<Iraq>
<Defense_/_Security_Ministry_(United_States)>	<Make_a_visit>	<Kuwait>	<Malaysia>
<Prayuth_Chan-ocha>	<Engage_in_symbolic_act>	<Xi_Jinping>	<Insurgent_(Thailand)>
<Prayuth_Chan-ocha>	<Engage_in_symbolic_act>	<Xi_Jinping>	<Thailand>
<Prayuth_Chan-ocha>	<Engage_in_symbolic_act>	<Xi_Jinping>	<Military_(Thailand)>
<Prayuth_Chan-ocha>	<Engage_in_symbolic_act>	<Xi_Jinping>	<National_Council_for_Peace_and_Order_of_Thailand>
<Prayuth_Chan-ocha>	<Engage_in_symbolic_act>	<Xi_Jinping>	<Government_(Qatar)>
<Ashraf_Ghani_Ahmadzai>	<Consult>	<Inter-Services_Intelligence>	<Afghanistan>
<Ashraf_Ghani_Ahmadzai>	<Consult>	<Inter-Services_Intelligence>	<North_Atlantic_Treaty_Organization>
<Ashraf_Ghani_Ahmadzai>	<Consult>	<Inter-Services_Intelligence>	<Election_Commission_(Afghanistan)>
<Media_(India)>	<Consult>	<Head_of_Government_(India)>	<Fidesz>
<Ministry_(Nigeria)>	<Make_an_appeal_or_request>	<Citizen_(Nigeria)>	<Other_Authorities_/_Officials_(Nigeria)>
<Ministry_(Nigeria)>	<Make_an_appeal_or_request>	<Citizen_(Nigeria)>	<Head_of_Government_(Nigeria)>
<Ministry_(Nigeria)>	<Make_an_appeal_or_request>	<Citizen_(Nigeria)>	<Medical_Personnel_(Nigeria)>
<Ministry_(Nigeria)>	<Make_an_appeal_or_request>	<Citizen_(Nigeria)>	<Government_(Nigeria)>
<Ministry_(Nigeria)>	<Make_an_appeal_or_request>	<Citizen_(Nigeria)>	<Media_(Africa)>
<Ministry_(Nigeria)>	<Make_an_appeal_or_request>	<Citizen_(Nigeria)>	<Farm_Worker_(Nigeria)>
<Ministry_(Nigeria)>	<Make_an_appeal_or_request>	<Citizen_(Nigeria)>	<Yemi_Osinbajo>
<Ministry_(Tanzania)>	<Threaten>	<Citizen_(Tanzania)>	<Barack_Obama>
<China>	<Express_intent_to_engage_in_diplomatic_cooperation_(such_as_policy_support)>	<Vietnam>	<Afghanistan>
<China>	<Express_intent_to_engage_in_diplomatic_cooperation_(such_as_policy_support)>	<Vietnam>	<Military_(China)>
<China>	<Express_intent_to_engage_in_diplomatic_cooperation_(such_as_policy_support)>	<Vietnam>	<Myanmar>
<China>	<Express_intent_to_engage_in_diplomatic_cooperation_(such_as_policy_support)>	<Vietnam>	<Vietnam>
<China>	<Express_intent_to_engage_in_diplomatic_cooperation_(such_as_policy_support)>	<Vietnam>	<Iran>
<China>	<Express_intent_to_engage_in_diplomatic_cooperation_(such_as_policy_support)>	<Vietnam>	<Japan>
<China>	<Express_intent_to_engage_in_diplomatic_cooperation_(such_as_policy_support)>	<Vietnam>	<Media_(Nigeria)>
<Umarali_Quvvatov>	<Appeal_for_humanitarian_aid>	<Other_Authorities_/_Officials_(Turkey)>	<National_Coalition_for_Syrian_Revolutionary_and_Opposition_Forces>
<Ebrahim_Yazdi>	<Make_an_appeal_or_request>	<Ministry_(Iran)>	<Provincial_Officials_(China)>
<Evangelos_Venizelos>	<Consult>	<Antonis_Samaras>	<North_Atlantic_Treaty_Organization>
<Evangelos_Venizelos>	<Consult>	<Antonis_Samaras>	<Iran>
<Thailand>	<Cooperate_economically>	<Laos>	<Cambodia>
<Envoy_(United_States)>	<Express_intent_to_meet_or_negotiate>	<Japan>	<Iran>
<Zhang_Dejiang>	<Consult>	<Michael_D._Higgins>	<China>
<Protester_(Yemen)>	<Protest_violently_riot>	<Police_(Yemen)>	<Sikh_(India)>
<Company_-_Owner_or_Operator_(Nigeria)>	<Praise_or_endorse>	<Presidential_Candidate_(Nigeria)>	<Industry_(South_Africa)>
<Cambodia>	<Host_a_visit>	<Thailand>	<Thailand>
<Alexis_Tsipras>	<Express_intent_to_meet_or_negotiate>	<Member_of_Legislative_(Govt)_(Serbia)>	<France>
<Alexis_Tsipras>	<Express_intent_to_meet_or_negotiate>	<Member_of_Legislative_(Govt)_(Serbia)>	<Evangelos_Venizelos>
<Alexis_Tsipras>	<Express_intent_to_meet_or_negotiate>	<Member_of_Legislative_(Govt)_(Serbia)>	<Police_(Greece)>
<Myanmar>	<Cooperate_economically>	<Laos>	<Police_(United_States)>
<Military_(South_Sudan)>	<Use_conventional_military_force>	<Children_(South_Sudan)>	<Imad_Mugniyah>
<Citizen_(United_Kingdom)>	<Bring_lawsuit_against>	<Shrien_Dewani>	<Member_of_Parliament_(Ukraine)>
<Middle_East>	<Consult>	<Foreign_Affairs_(Belgium)>	<United_Arab_Emirates>
<Zhang_Dejiang>	<Make_a_visit>	<Head_of_Government_(Egypt)>	<China>
<Thailand>	<Engage_in_symbolic_act>	<Citizen_(Thailand)>	<Cambodia>
<Vietnam>	<Express_intent_to_cooperate_economically>	<Business_(Iran)>	<Police_(Indonesia)>
<Vietnam>	<Express_intent_to_cooperate_economically>	<Business_(Iran)>	<China>
<Vietnam>	<Express_intent_to_cooperate_economically>	<Business_(Iran)>	<Military_(Vietnam)>
<Tehrik-i-Taliban_Pakistan>	<Use_conventional_military_force>	<Education_(Pakistan)>	<Australia_Greens>
<Yakubu_Gowon>	<Accuse>	<Government_(United_States)>	<Foreign_Affairs_(India)>
<China>	<Express_intent_to_cooperate>	<Kazakhstan>	<Afghanistan>
<China>	<Express_intent_to_cooperate>	<Kazakhstan>	<Military_(China)>
<China>	<Express_intent_to_cooperate>	<Kazakhstan>	<Myanmar>
<China>	<Express_intent_to_cooperate>	<Kazakhstan>	<Vietnam>
<China>	<Express_intent_to_cooperate>	<Kazakhstan>	<Iran>
<China>	<Express_intent_to_cooperate>	<Kazakhstan>	<Japan>
<China>	<Express_intent_to_cooperate>	<Kazakhstan>	<Media_(Nigeria)>
<Oman>	<Host_a_visit>	<Shura_Council>	<Poland>
<Children_(South_Sudan)>	<Use_unconventional_violence>	<Military_(South_Sudan)>	<Myanmar>
<Iran>	<Engage_in_diplomatic_cooperation>	<Middle_East>	<Morteza_Sarmadi>
<Iran>	<Engage_in_diplomatic_cooperation>	<Middle_East>	<Edgars_Rinkevics>
<Iran>	<Engage_in_diplomatic_cooperation>	<Middle_East>	<Barack_Obama>
<Iran>	<Engage_in_diplomatic_cooperation>	<Middle_East>	<Mohammad_Javad_Zarif>
<Iran>	<Engage_in_diplomatic_cooperation>	<Middle_East>	<Morocco>
<Iran>	<Engage_in_diplomatic_cooperation>	<Middle_East>	<Iraq>
<RIA_Novosti>	<Sign_formal_agreement>	<Iran>	<Security_Council_(Russia)>
<Angela_Merkel>	<Make_an_appeal_or_request>	<France>	<Madeleine_Albright>
<Angela_Merkel>	<Make_an_appeal_or_request>	<France>	<Iran>
<Angela_Merkel>	<Make_an_appeal_or_request>	<France>	<Malaysia>
<Angela_Merkel>	<Make_an_appeal_or_request>	<France>	<Victoria_Nuland>
<Angela_Merkel>	<Make_an_appeal_or_request>	<France>	<Government_(Germany)>
<Angela_Merkel>	<Make_an_appeal_or_request>	<France>	<Head_of_Government_(Bulgaria)>
<China>	<Host_a_visit>	<Sheikh_Hasina_Wajed>	<Afghanistan>
<China>	<Host_a_visit>	<Sheikh_Hasina_Wajed>	<Military_(China)>
<China>	<Host_a_visit>	<Sheikh_Hasina_Wajed>	<Myanmar>
<China>	<Host_a_visit>	<Sheikh_Hasina_Wajed>	<Vietnam>
<China>	<Host_a_visit>	<Sheikh_Hasina_Wajed>	<Iran>
<China>	<Host_a_visit>	<Sheikh_Hasina_Wajed>	<Japan>
<China>	<Host_a_visit>	<Sheikh_Hasina_Wajed>	<Media_(Nigeria)>
<Ministry_(Croatia)>	<Make_an_appeal_or_request>	<Veterans_(Croatia)>	<Political_Parties_(Fiji)>
<Cabinet_/_Council_of_Ministers_/_Advisors_(United_States)>	<Make_a_visit>	<Angola>	<Fumio_Kishida>
<Cabinet_/_Council_of_Ministers_/_Advisors_(United_States)>	<Make_a_visit>	<Angola>	<Iran>
<UN_Security_Council>	<Make_an_appeal_or_request>	<Sudan>	<Sudan>
<UN_Security_Council>	<Make_an_appeal_or_request>	<Sudan>	<Government_(Syria)>
<UN_Security_Council>	<Make_an_appeal_or_request>	<Sudan>	<Other_Authorities_/_Officials_(Russia)>
<Philippines>	<Arrest_detain_or_charge_with_legal_action>	<Andal_Ampatuan_Sr>	<China>
<France>	<Engage_in_negotiation>	<Other_Authorities_/_Officials_(Mauritania)>	<Boko_Haram>
<France>	<Engage_in_negotiation>	<Other_Authorities_/_Officials_(Mauritania)>	<Guinea>
<France>	<Engage_in_negotiation>	<Other_Authorities_/_Officials_(Mauritania)>	<Barack_Obama>
<France>	<Engage_in_negotiation>	<Other_Authorities_/_Officials_(Mauritania)>	<South_Korea>
<France>	<Engage_in_negotiation>	<Other_Authorities_/_Officials_(Mauritania)>	<Benjamin_Netanyahu>
<France>	<Engage_in_negotiation>	<Other_Authorities_/_Officials_(Mauritania)>	<Military_Personnel_(Mali)>
<Foreign_Affairs_(Syria)>	<Meet_at_a_'third'_location>	<Iraq>	<Foreign_Affairs_(India)>
<Armed_Gang_(Al_Qaeda)>	<Carry_out_suicide_bombing>	<Citizen_(Yemen)>	<Argentine_Naval_Prefecture>
<Vietnam>	<Sign_formal_agreement>	<Industrial_/_Textiles_/_Mining_Ministry_(Vietnam)>	<Police_(Indonesia)>
<Vietnam>	<Sign_formal_agreement>	<Industrial_/_Textiles_/_Mining_Ministry_(Vietnam)>	<China>
<Vietnam>	<Sign_formal_agreement>	<Industrial_/_Textiles_/_Mining_Ministry_(Vietnam)>	<Military_(Vietnam)>
<Police_(Tanzania)>	<Return_release_person(s)>	<Refugee_(Tanzania)>	<Immigrants_(Sudan)>
<South_Korea>	<Express_intent_to_meet_or_negotiate>	<Association_of_Southeast_Asian_Nations>	<North_Korea>
<Central_Intelligence_Agency>	<Arrest_detain_or_charge_with_legal_action>	<Moazzam_Begg>	<Lawyer/Attorney_(Uganda)>
<Marziyeh_Afkham>	<Praise_or_endorse>	<Iraq>	<Iran>
<China>	<Engage_in_diplomatic_cooperation>	<Kazakhstan>	<Afghanistan>
<China>	<Engage_in_diplomatic_cooperation>	<Kazakhstan>	<Military_(China)>
<China>	<Engage_in_diplomatic_cooperation>	<Kazakhstan>	<Myanmar>
<China>	<Engage_in_diplomatic_cooperation>	<Kazakhstan>	<Vietnam>
<China>	<Engage_in_diplomatic_cooperation>	<Kazakhstan>	<Iran>
<China>	<Engage_in_diplomatic_cooperation>	<Kazakhstan>	<Japan>
<China>	<Engage_in_diplomatic_cooperation>	<Kazakhstan>	<Media_(Nigeria)>
<Cambodia>	<Cooperate_economically>	<Myanmar>	<Thailand>
<Committee_for_State_Security>	<Return_release_person(s)>	<Citizen_(Belarus)>	<Chimed_Saikhanbileg>
<Employee_(Afghanistan)>	<Carry_out_suicide_bombing>	<France>	<Media_Personnel_(Pakistan)>
<Antonis_Samaras>	<Make_an_appeal_or_request>	<Member_of_Legislative_(Govt)_(Greece)>	<Coalition_of_the_Radical_Left>
<Sudan>	<Arrest_detain_or_charge_with_legal_action>	<Amin_Makki_Madani>	<Benazir_Bhutto>
<Military_(Thailand)>	<Use_conventional_military_force>	<Cambodia>	<Head_of_Government_(Latvia)>
<Armed_Separatist_(China)>	<Provide_aid>	<Slovene_Christian_Democrats>	<Independence_Party>
<Iraq>	<Express_intent_to_engage_in_diplomatic_cooperation_(such_as_policy_support)>	<International_Government_Organizations>	<National_Alliance_(Iraq)>
<Iraq>	<Express_intent_to_engage_in_diplomatic_cooperation_(such_as_policy_support)>	<International_Government_Organizations>	<Nuri_al-Maliki>
<Iraq>	<Express_intent_to_engage_in_diplomatic_cooperation_(such_as_policy_support)>	<International_Government_Organizations>	<Militant_(Iraq)>
<Iraq>	<Express_intent_to_engage_in_diplomatic_cooperation_(such_as_policy_support)>	<International_Government_Organizations>	<Business_(Iraq)>
<Iraq>	<Express_intent_to_engage_in_diplomatic_cooperation_(such_as_policy_support)>	<International_Government_Organizations>	<Iran>
<China>	<Criticize_or_denounce>	<Philippines>	<Afghanistan>
<China>	<Criticize_or_denounce>	<Philippines>	<Military_(China)>
<China>	<Criticize_or_denounce>	<Philippines>	<Myanmar>
<China>	<Criticize_or_denounce>	<Philippines>	<Vietnam>
<China>	<Criticize_or_denounce>	<Philippines>	<Iran>
<China>	<Criticize_or_denounce>	<Philippines>	<Japan>
<China>	<Criticize_or_denounce>	<Philippines>	<Media_(Nigeria)>
<Military_(United_Kingdom)>	<Use_conventional_military_force>	<Armed_Rebel_(Ireland)>	<Afghanistan>
<Arseniy_Yatsenyuk>	<Appeal_for_diplomatic_cooperation_(such_as_policy_support)>	<Verkhovna_Rada>	<Head_of_Government_(Ukraine)>
<Arseniy_Yatsenyuk>	<Appeal_for_diplomatic_cooperation_(such_as_policy_support)>	<Verkhovna_Rada>	<Ukrinform>
<Arseniy_Yatsenyuk>	<Appeal_for_diplomatic_cooperation_(such_as_policy_support)>	<Verkhovna_Rada>	<Police_(Ukraine)>
<Xi_Jinping>	<Host_a_visit>	<Head_of_Government_(South_Korea)>	<China>
<Xi_Jinping>	<Host_a_visit>	<Head_of_Government_(South_Korea)>	<Henry_M._Paulson>
<Xi_Jinping>	<Host_a_visit>	<Head_of_Government_(South_Korea)>	<Tanzania>
<Xi_Jinping>	<Host_a_visit>	<Head_of_Government_(South_Korea)>	<Military_(China)>
<Xi_Jinping>	<Host_a_visit>	<Head_of_Government_(South_Korea)>	<Vietnam>
<Xi_Jinping>	<Host_a_visit>	<Head_of_Government_(South_Korea)>	<Michael_Sata>
<Head_of_Government_(Tajikistan)>	<Engage_in_negotiation>	<Abdullah_Abdullah>	<Muhammadu_Buhari>
<Arseniy_Yatsenyuk>	<Express_intent_to_meet_or_negotiate>	<Jens_Stoltenberg>	<Head_of_Government_(Ukraine)>
<Arseniy_Yatsenyuk>	<Express_intent_to_meet_or_negotiate>	<Jens_Stoltenberg>	<Ukrinform>
<Arseniy_Yatsenyuk>	<Express_intent_to_meet_or_negotiate>	<Jens_Stoltenberg>	<Police_(Ukraine)>
<Iraq>	<Coerce>	<Party_Member_(Iraq)>	<National_Alliance_(Iraq)>
<Iraq>	<Coerce>	<Party_Member_(Iraq)>	<Nuri_al-Maliki>
<Iraq>	<Coerce>	<Party_Member_(Iraq)>	<Militant_(Iraq)>
<Iraq>	<Coerce>	<Party_Member_(Iraq)>	<Business_(Iraq)>
<Iraq>	<Coerce>	<Party_Member_(Iraq)>	<Iran>
<China>	<Make_an_appeal_or_request>	<Businessperson_(Taiwan)>	<Afghanistan>
<China>	<Make_an_appeal_or_request>	<Businessperson_(Taiwan)>	<Military_(China)>
<China>	<Make_an_appeal_or_request>	<Businessperson_(Taiwan)>	<Myanmar>
<China>	<Make_an_appeal_or_request>	<Businessperson_(Taiwan)>	<Vietnam>
<China>	<Make_an_appeal_or_request>	<Businessperson_(Taiwan)>	<Iran>
<China>	<Make_an_appeal_or_request>	<Businessperson_(Taiwan)>	<Japan>
<China>	<Make_an_appeal_or_request>	<Businessperson_(Taiwan)>	<Media_(Nigeria)>
<Awami_(People's)_League>	<Demand>	<Member_of_the_Judiciary_(Bangladesh)>	<Government_(South_Africa)>
<Oommen_Chandy>	<Express_intent_to_meet_or_negotiate>	<Citizen_(India)>	<Revolutionary_Socialist_Party>
<Cambodia>	<Cooperate_economically>	<Thailand>	<Thailand>
<Asad_Umar>	<Consult>	<Pakistan_Tehreek-e-Insaf>	<Indigenous_People_(South_Korea)>
<Police_(Kenya)>	<Arrest_detain_or_charge_with_legal_action>	<Employee_(Kenya)>	<Immigrants_(Ethiopia)>
<Police_(Kenya)>	<Arrest_detain_or_charge_with_legal_action>	<Employee_(Kenya)>	<The_Standard>
<Police_(Kenya)>	<Arrest_detain_or_charge_with_legal_action>	<Employee_(Kenya)>	<Mob_(Kenya)>
<Police_(Hong_Kong)>	<Consult>	<Protester_(Hong_Kong)>	<Protester_(Hong_Kong)>
<Businessperson_(United_Kingdom)>	<Use_conventional_military_force>	<Citizen_(United_Kingdom)>	<Oil_Tanker_(Bangladesh)>
<Ethiopia>	<Host_a_visit>	<Amin_Makki_Madani>	<Al-Shabaab>
<China>	<Praise_or_endorse>	<Abdel_Fattah_Al-Sisi>	<Afghanistan>
<China>	<Praise_or_endorse>	<Abdel_Fattah_Al-Sisi>	<Military_(China)>
<China>	<Praise_or_endorse>	<Abdel_Fattah_Al-Sisi>	<Myanmar>
<China>	<Praise_or_endorse>	<Abdel_Fattah_Al-Sisi>	<Vietnam>
<China>	<Praise_or_endorse>	<Abdel_Fattah_Al-Sisi>	<Iran>
<China>	<Praise_or_endorse>	<Abdel_Fattah_Al-Sisi>	<Japan>
<China>	<Praise_or_endorse>	<Abdel_Fattah_Al-Sisi>	<Media_(Nigeria)>
<Government_(Syria)>	<Accuse>	<Terrorist_Organization_(Syria)>	<Armed_Rebel_(Syria)>
<György_Matolcsy>	<Consult>	<Viktor_Orban>	<Mexico>
<North_Atlantic_Treaty_Organization>	<Provide_aid>	<Afghanistan>	<Military_(Russia)>
<Government_(Nigeria)>	<Make_an_appeal_or_request>	<Member_of_the_Judiciary_(Nigeria)>	<Medical_Personnel_(Nigeria)>
<Government_(Nigeria)>	<Make_an_appeal_or_request>	<Member_of_the_Judiciary_(Nigeria)>	<Court_Judge_(Nigeria)>
<Government_(Nigeria)>	<Make_an_appeal_or_request>	<Member_of_the_Judiciary_(Nigeria)>	<Education_(Nigeria)>
<Government_(Nigeria)>	<Make_an_appeal_or_request>	<Member_of_the_Judiciary_(Nigeria)>	<Ethnic_Group_(Nigeria)>
<Government_(Nigeria)>	<Make_an_appeal_or_request>	<Member_of_the_Judiciary_(Nigeria)>	<Boko_Haram>
<Government_(Nigeria)>	<Make_an_appeal_or_request>	<Member_of_the_Judiciary_(Nigeria)>	<Fula_people>
<Government_(Nigeria)>	<Make_an_appeal_or_request>	<Member_of_the_Judiciary_(Nigeria)>	<Ogbeni_Rauf_Aregbesola>
<Medical_Personnel_(Australia)>	<Make_optimistic_comment>	<Member_of_Parliament_(Australia)>	<Bhupinder_Singh_Hooda>
<China>	<Express_intent_to_engage_in_diplomatic_cooperation_(such_as_policy_support)>	<Iran>	<Afghanistan>
<China>	<Express_intent_to_engage_in_diplomatic_cooperation_(such_as_policy_support)>	<Iran>	<Military_(China)>
<China>	<Express_intent_to_engage_in_diplomatic_cooperation_(such_as_policy_support)>	<Iran>	<Myanmar>
<China>	<Express_intent_to_engage_in_diplomatic_cooperation_(such_as_policy_support)>	<Iran>	<Vietnam>
<China>	<Express_intent_to_engage_in_diplomatic_cooperation_(such_as_policy_support)>	<Iran>	<Iran>
<China>	<Express_intent_to_engage_in_diplomatic_cooperation_(such_as_policy_support)>	<Iran>	<Japan>
<China>	<Express_intent_to_engage_in_diplomatic_cooperation_(such_as_policy_support)>	<Iran>	<Media_(Nigeria)>
<Other_Authorities_/_Officials_(Romania)>	<Express_intent_to_cooperate>	<International_Monetary_Fund>	<Party_Member_(Iraq)>
<Iran>	<Engage_in_negotiation>	<Lawmaker_(Japan)>	<Morteza_Sarmadi>
<Iran>	<Engage_in_negotiation>	<Lawmaker_(Japan)>	<Edgars_Rinkevics>
<Iran>	<Engage_in_negotiation>	<Lawmaker_(Japan)>	<Barack_Obama>
<Iran>	<Engage_in_negotiation>	<Lawmaker_(Japan)>	<Mohammad_Javad_Zarif>
<Iran>	<Engage_in_negotiation>	<Lawmaker_(Japan)>	<Morocco>
<Iran>	<Engage_in_negotiation>	<Lawmaker_(Japan)>	<Iraq>
<Militant_(Taliban)>	<Use_unconventional_violence>	<Afghanistan>	<Government_Official_(Russia)>
<Japan>	<Express_intent_to_cooperate>	<Government_(United_States)>	<China>
<Japan>	<Express_intent_to_cooperate>	<Government_(United_States)>	<North_Korea>
<Japan>	<Express_intent_to_cooperate>	<Government_(United_States)>	<Thailand>
<Iran>	<Use_conventional_military_force>	<Iraq>	<Morteza_Sarmadi>
<Iran>	<Use_conventional_military_force>	<Iraq>	<Edgars_Rinkevics>
<Iran>	<Use_conventional_military_force>	<Iraq>	<Barack_Obama>
<Iran>	<Use_conventional_military_force>	<Iraq>	<Mohammad_Javad_Zarif>
<Iran>	<Use_conventional_military_force>	<Iraq>	<Morocco>
<Iran>	<Use_conventional_military_force>	<Iraq>	<Iraq>
<György_Matolcsy>	<Express_intent_to_meet_or_negotiate>	<Viktor_Orban>	<Mexico>
<Umar_al_Bashir>	<Consult>	<Ministry_(Tanzania)>	<Sudan>
<Umar_al_Bashir>	<Consult>	<Ministry_(Tanzania)>	<Government_(Sudan)>
<Iraq>	<Engage_in_diplomatic_cooperation>	<Iran>	<National_Alliance_(Iraq)>
<Iraq>	<Engage_in_diplomatic_cooperation>	<Iran>	<Nuri_al-Maliki>
<Iraq>	<Engage_in_diplomatic_cooperation>	<Iran>	<Militant_(Iraq)>
<Iraq>	<Engage_in_diplomatic_cooperation>	<Iran>	<Business_(Iraq)>
<Iraq>	<Engage_in_diplomatic_cooperation>	<Iran>	<Iran>
<Legislature_(Romania)>	<Praise_or_endorse>	<Victor_Ponta>	<Rights_Activist_(Kenya)>
<Iran>	<Express_intent_to_engage_in_diplomatic_cooperation_(such_as_policy_support)>	<Government_(Syria)>	<Morteza_Sarmadi>
<Iran>	<Express_intent_to_engage_in_diplomatic_cooperation_(such_as_policy_support)>	<Government_(Syria)>	<Edgars_Rinkevics>
<Iran>	<Express_intent_to_engage_in_diplomatic_cooperation_(such_as_policy_support)>	<Government_(Syria)>	<Barack_Obama>
<Iran>	<Express_intent_to_engage_in_diplomatic_cooperation_(such_as_policy_support)>	<Government_(Syria)>	<Mohammad_Javad_Zarif>
<Iran>	<Express_intent_to_engage_in_diplomatic_cooperation_(such_as_policy_support)>	<Government_(Syria)>	<Morocco>
<Iran>	<Express_intent_to_engage_in_diplomatic_cooperation_(such_as_policy_support)>	<Government_(Syria)>	<Iraq>
<Drug_Gang_(Mexico)>	<Use_unconventional_violence>	<Men_(Mexico)>	<Police_(Greece)>
<Nasser_Judeh>	<Engage_in_negotiation>	<Royal_Administration_(Saudi_Arabia)>	<Simon_Khaya_Moyo>
<Other_Authorities_/_Officials_(Mauritania)>	<Engage_in_negotiation>	<France>	<Mohamed_Ould_Abdel_Aziz>
<Malaysia>	<Express_intent_to_cooperate>	<Thailand>	<Armed_Rebel_(Ukraine)>
<Ziad_al-Karbouly>	<Engage_in_diplomatic_cooperation>	<Abu_Musab_al-Zarqawi>	<Police_(Dominican_Republic)>
<Boko_Haram>	<fight_with_small_arms_and_light_weapons>	<Citizen_(Nigeria)>	<Government_(Nigeria)>
<Citizen_(Botswana)>	<Express_intent_to_cooperate>	<Government_(Botswana)>	<Militant_(Yemen)>
<Boko_Haram>	<Use_conventional_military_force>	<Citizen_(Nigeria)>	<Government_(Nigeria)>
<Citizen_(Nigeria)>	<Make_an_appeal_or_request>	<Media_(Africa)>	<Employee_(Kuwait)>
<Court_Judge_(India)>	<Make_an_appeal_or_request>	<Citizen_(India)>	<Medical_Personnel_(India)>
<South_Korea>	<Make_an_appeal_or_request>	<Japan>	<North_Korea>
<Citizen_(Czech_Republic)>	<Accuse_of_human_rights_abuses>	<Milos_Zeman>	<Ukrinform>
<Refugee_(Afghanistan)>	<Reject_proposal_to_meet_discuss_or_negotiate>	<Afghanistan>	<Indigenous_People_(Nigeria)>
<Police_(Indonesia)>	<Use_conventional_military_force>	<Citizen_(Indonesia)>	<New_Zealand>
<Jens_Stoltenberg>	<Consult>	<Foreign_Affairs_(Georgia)>	<North_Atlantic_Treaty_Organization>
<Military_Personnel_-_Special_(Afghanistan)>	<Use_conventional_military_force>	<Insurgent_(Afghanistan)>	<Media_(Romania)>
<Ashraf_Ghani_Ahmadzai>	<Reject>	<Armed_Band_(Afghanistan)>	<Afghanistan>
<Ashraf_Ghani_Ahmadzai>	<Reject>	<Armed_Band_(Afghanistan)>	<North_Atlantic_Treaty_Organization>
<Ashraf_Ghani_Ahmadzai>	<Reject>	<Armed_Band_(Afghanistan)>	<Election_Commission_(Afghanistan)>
<Alex_Badeh>	<Make_an_appeal_or_request>	<High_Ranking_Military_Personnel_(Nigeria)>	<Military_(Mexico)>
<Guinea>	<Engage_in_diplomatic_cooperation>	<France>	<Court_Judge_(Mexico)>
<Edgars_Rinkevics>	<Express_intent_to_meet_or_negotiate>	<Federica_Mogherini>	<Middle_East>
<Head_of_Government_(Bulgaria)>	<Consult>	<Elmar_Brok>	<Business_(Bulgaria)>
<Citizen_(Nigeria)>	<Make_an_appeal_or_request>	<Nigerian_Governors_Forum>	<Employee_(Kuwait)>
<Lawmaker_(Japan)>	<Engage_in_negotiation>	<Iran>	<Farm_Worker_(Nigeria)>
<Citizen_(United_Kingdom)>	<Use_unconventional_violence>	<Sex_Trade_(Philippines)>	<Member_of_Parliament_(Ukraine)>
<Lawyer/Attorney_(Turkey)>	<Make_an_appeal_or_request>	<Other_Authorities_/_Officials_(Turkey)>	<Efkan_Ala>
<Foreign_Affairs_(Syria)>	<Consult>	<Mohammad_Javad_Zarif>	<Foreign_Affairs_(India)>
<Iran>	<Engage_in_diplomatic_cooperation>	<Oman>	<Morteza_Sarmadi>
<Iran>	<Engage_in_diplomatic_cooperation>	<Oman>	<Edgars_Rinkevics>
<Iran>	<Engage_in_diplomatic_cooperation>	<Oman>	<Barack_Obama>
<Iran>	<Engage_in_diplomatic_cooperation>	<Oman>	<Mohammad_Javad_Zarif>
<Iran>	<Engage_in_diplomatic_cooperation>	<Oman>	<Morocco>
<Iran>	<Engage_in_diplomatic_cooperation>	<Oman>	<Iraq>
<China>	<Host_a_visit>	<Foreign_Affairs_(United_States)>	<Afghanistan>
<China>	<Host_a_visit>	<Foreign_Affairs_(United_States)>	<Military_(China)>
<China>	<Host_a_visit>	<Foreign_Affairs_(United_States)>	<Myanmar>
<China>	<Host_a_visit>	<Foreign_Affairs_(United_States)>	<Vietnam>
<China>	<Host_a_visit>	<Foreign_Affairs_(United_States)>	<Iran>
<China>	<Host_a_visit>	<Foreign_Affairs_(United_States)>	<Japan>
<China>	<Host_a_visit>	<Foreign_Affairs_(United_States)>	<Media_(Nigeria)>
<Foreign_Affairs_(Georgia)>	<Consult>	<Jens_Stoltenberg>	<Mob_(Kenya)>
<Head_of_Government_(Egypt)>	<Consult>	<Energy_Department/Ministry_(Egypt)>	<Boko_Haram>
<Cambodia>	<Engage_in_diplomatic_cooperation>	<Vietnam>	<Thailand>
<Milos_Zeman>	<Make_a_visit>	<China>	<Jan_Kohout>
<Head_of_Government_(Egypt)>	<Make_an_appeal_or_request>	<Abdel_Fattah_Al-Sisi>	<Boko_Haram>
<Defense_/_Security_Ministry_(United_States)>	<Engage_in_symbolic_act>	<Head_of_Government_(Afghanistan)>	<North_Korea>
<Defense_/_Security_Ministry_(United_States)>	<Engage_in_symbolic_act>	<Head_of_Government_(Afghanistan)>	<Iraq>
<Defense_/_Security_Ministry_(United_States)>	<Engage_in_symbolic_act>	<Head_of_Government_(Afghanistan)>	<Malaysia>
<Uhuru_Muigai_Kenyatta>	<Engage_in_negotiation>	<Police_(Kenya)>	<William_Ruto>
<Uhuru_Muigai_Kenyatta>	<Engage_in_negotiation>	<Police_(Kenya)>	<Domestic_Affairs_(Kenya)>
<Uhuru_Muigai_Kenyatta>	<Engage_in_negotiation>	<Police_(Kenya)>	<Government_(Kenya)>
<Uhuru_Muigai_Kenyatta>	<Engage_in_negotiation>	<Police_(Kenya)>	<Ethiopia>
<Uhuru_Muigai_Kenyatta>	<Engage_in_negotiation>	<Police_(Kenya)>	<Qatar>
<Raúl_Castro>	<Consult>	<Barack_Obama>	<City_Mayor_(Indonesia)>
<Malaysia>	<Arrest_detain_or_charge_with_legal_action>	<Men_(Indonesia)>	<Armed_Rebel_(Ukraine)>
<Citizen_(Greece)>	<Protest_violently_riot>	<Police_(Greece)>	<Business_(Canada)>
<Citizen_(North_Korea)>	<Make_pessimistic_comment>	<North_Korea>	<Cabinet_/_Council_of_Ministers_/_Advisors_(United_States)>
<Member_of_Legislative_(Govt)_(Iran)>	<Express_intent_to_meet_or_negotiate>	<Wael_al-Halki>	<Iran>
<Citizen_(Germany)>	<Demand>	<Head_of_Government_(Germany)>	<Member_of_Legislative_(Govt)_(Kenya)>
<Haider_Al-Abadi>	<Consult>	<Sabah_Khaled_Al-Hamad_Al-Sabah>	<Iraq>
<Haider_Al-Abadi>	<Consult>	<Sabah_Khaled_Al-Hamad_Al-Sabah>	<National_Alliance_(Iraq)>
<Haider_Al-Abadi>	<Consult>	<Sabah_Khaled_Al-Hamad_Al-Sabah>	<Militant_(Iraq)>
<Foreign_Affairs_(United_States)>	<Praise_or_endorse>	<Angola>	<Angola>
<Foreign_Affairs_(United_States)>	<Praise_or_endorse>	<Angola>	<South_Sudan>
<Foreign_Affairs_(United_States)>	<Praise_or_endorse>	<Angola>	<Political_Parties_(Kosovo)>
<Foreign_Affairs_(United_States)>	<Praise_or_endorse>	<Angola>	<Afghanistan>
<Scholar_(Nigeria)>	<Accuse>	<Government_(Nigeria)>	<Government_(Nigeria)>
<Scholar_(Nigeria)>	<Accuse>	<Government_(Nigeria)>	<Head_of_Government_(Nigeria)>
<Bhim_Singh>	<Make_an_appeal_or_request>	<Head_of_Government_(India)>	<Umar_al_Bashir>
<Thailand>	<Express_intent_to_meet_or_negotiate>	<Hun_Sen>	<Cambodia>
<Olagunsoye_Oyinlola>	<Consult>	<Daily_Trust>	<Other_Authorities_/_Officials_(Russia)>
<Police_(Kenya)>	<Engage_in_negotiation>	<Uhuru_Muigai_Kenyatta>	<Immigrants_(Ethiopia)>
<Police_(Kenya)>	<Engage_in_negotiation>	<Uhuru_Muigai_Kenyatta>	<The_Standard>
<Police_(Kenya)>	<Engage_in_negotiation>	<Uhuru_Muigai_Kenyatta>	<Mob_(Kenya)>
<Lapo_Pistelli>	<Host_a_visit>	<Majid_Takht_Ravanchi>	<Nurse_(France)>
<Thailand>	<Praise_or_endorse>	<Malaysia>	<Cambodia>
<South_Korea>	<Express_intent_to_engage_in_diplomatic_cooperation_(such_as_policy_support)>	<Japan>	<North_Korea>
<Iraq>	<Sign_formal_agreement>	<Iran>	<National_Alliance_(Iraq)>
<Iraq>	<Sign_formal_agreement>	<Iran>	<Nuri_al-Maliki>
<Iraq>	<Sign_formal_agreement>	<Iran>	<Militant_(Iraq)>
<Iraq>	<Sign_formal_agreement>	<Iran>	<Business_(Iraq)>
<Iraq>	<Sign_formal_agreement>	<Iran>	<Iran>
<France>	<Arrest_detain_or_charge_with_legal_action>	<Citizen_(Belgium)>	<Boko_Haram>
<France>	<Arrest_detain_or_charge_with_legal_action>	<Citizen_(Belgium)>	<Guinea>
<France>	<Arrest_detain_or_charge_with_legal_action>	<Citizen_(Belgium)>	<Barack_Obama>
<France>	<Arrest_detain_or_charge_with_legal_action>	<Citizen_(Belgium)>	<South_Korea>
<France>	<Arrest_detain_or_charge_with_legal_action>	<Citizen_(Belgium)>	<Benjamin_Netanyahu>
<France>	<Arrest_detain_or_charge_with_legal_action>	<Citizen_(Belgium)>	<Military_Personnel_(Mali)>
<Daniel_Mitov>	<Consult>	<North_Atlantic_Treaty_Organization>	<Member_of_Legislative_(Govt)_(Kenya)>
<Lawyer/Attorney_(Jordan)>	<Make_an_appeal_or_request>	<State_Security_Court_(Jordan)>	<City_Mayor_(Ukraine)>
<Iraq>	<Consult>	<Chuck_Hagel>	<National_Alliance_(Iraq)>
<Iraq>	<Consult>	<Chuck_Hagel>	<Nuri_al-Maliki>
<Iraq>	<Consult>	<Chuck_Hagel>	<Militant_(Iraq)>
<Iraq>	<Consult>	<Chuck_Hagel>	<Business_(Iraq)>
<Iraq>	<Consult>	<Chuck_Hagel>	<Iran>
<Citizen_(India)>	<Demand>	<Akhilesh_Yadav>	<Education_(Nigeria)>
<South_Africa>	<Host_a_visit>	<Malawi>	<China>
<Thailand>	<Praise_or_endorse>	<Farm_Worker_(Thailand)>	<Cambodia>
<Adams_Oshiomhole>	<Praise_or_endorse>	<Military_Personnel_(Benin)>	<Moro_National_Liberation_Front>
<Foreign_Affairs_(United_States)>	<Meet_at_a_'third'_location>	<Central_Bank_of_Libya>	<Angola>
<Foreign_Affairs_(United_States)>	<Meet_at_a_'third'_location>	<Central_Bank_of_Libya>	<South_Sudan>
<Foreign_Affairs_(United_States)>	<Meet_at_a_'third'_location>	<Central_Bank_of_Libya>	<Political_Parties_(Kosovo)>
<Foreign_Affairs_(United_States)>	<Meet_at_a_'third'_location>	<Central_Bank_of_Libya>	<Afghanistan>
<Lawmaker_(Colombia)>	<Investigate>	<Ruben_Dario_Alzate>	<Police_(Australia)>
<Federica_Mogherini>	<Express_intent_to_meet_or_negotiate>	<Citizen_(Turkey)>	<Foreign_Affairs_(Russia)>
<Federica_Mogherini>	<Express_intent_to_meet_or_negotiate>	<Citizen_(Turkey)>	<Algirdas_Butkevičius>
<Federica_Mogherini>	<Express_intent_to_meet_or_negotiate>	<John_Kerry>	<Foreign_Affairs_(Russia)>
<Federica_Mogherini>	<Express_intent_to_meet_or_negotiate>	<John_Kerry>	<Algirdas_Butkevičius>
<North_Atlantic_Treaty_Organization>	<Consult>	<John_Kerry>	<Military_(Russia)>
<Abdullah_Abdullah>	<Meet_at_a_'third'_location>	<Jens_Stoltenberg>	<John_Kerry>
<Abdullah_Abdullah>	<Meet_at_a_'third'_location>	<Jens_Stoltenberg>	<Afghanistan>
<Abdullah_Abdullah>	<Meet_at_a_'third'_location>	<Jens_Stoltenberg>	<Party_Member_(Afghanistan)>
<Japan>	<Express_intent_to_settle_dispute>	<China>	<China>
<Japan>	<Express_intent_to_settle_dispute>	<China>	<North_Korea>
<Japan>	<Express_intent_to_settle_dispute>	<China>	<Thailand>
<Military_(France)>	<Express_intent_to_cooperate_militarily>	<Military_(Mali)>	<Military_(Central_African_Republic)>
<Citizen_(Nigeria)>	<Make_an_appeal_or_request>	<Jonah_David_Jang>	<Employee_(Kuwait)>
<Bureaucrat_(Australia)>	<Share_intelligence_or_information>	<Campbell_Newman>	<Mob_(Kenya)>
<Hamas>	<Make_a_visit>	<Iran>	<Israeli_Defense_Forces>
<Hamas>	<Make_a_visit>	<Iran>	<Benjamin_Netanyahu>
<Media_Personnel_(International)>	<Accuse>	<Iran>	<John_Kerry>
<Media_Personnel_(International)>	<Accuse>	<Iran>	<Xi_Jinping>
<Pakistan_Tehreek-e-Insaf>	<Consult>	<Asad_Umar>	<Imran_Khan>
<Citizen_(Thailand)>	<Demand_humanitarian_aid>	<Military_(Thailand)>	<Martin_McGuinness>
<Tajikistan>	<Meet_at_a_'third'_location>	<Tatarstan>	<Turkish_Airlines>
<China>	<Sign_formal_agreement>	<Abdel_Fattah_Al-Sisi>	<Afghanistan>
<China>	<Sign_formal_agreement>	<Abdel_Fattah_Al-Sisi>	<Military_(China)>
<China>	<Sign_formal_agreement>	<Abdel_Fattah_Al-Sisi>	<Myanmar>
<China>	<Sign_formal_agreement>	<Abdel_Fattah_Al-Sisi>	<Vietnam>
<China>	<Sign_formal_agreement>	<Abdel_Fattah_Al-Sisi>	<Iran>
<China>	<Sign_formal_agreement>	<Abdel_Fattah_Al-Sisi>	<Japan>
<China>	<Sign_formal_agreement>	<Abdel_Fattah_Al-Sisi>	<Media_(Nigeria)>
<Police_(Indonesia)>	<Engage_in_material_cooperation>	<Citizen_(Indonesia)>	<New_Zealand>
<Armed_Gang_(Afghanistan)>	<Conduct_suicide_car_or_other_non-military_bombing>	<Afghanistan>	<Western_Sahara>
<South_Korea>	<Express_intent_to_cooperate_on_intelligence>	<Japan>	<North_Korea>
<Alexis_Tsipras>	<Consult>	<Fotis_Kouvelis>	<France>
<Alexis_Tsipras>	<Consult>	<Fotis_Kouvelis>	<Evangelos_Venizelos>
<Alexis_Tsipras>	<Consult>	<Fotis_Kouvelis>	<Police_(Greece)>
<Japan>	<Express_intent_to_cooperate_on_intelligence>	<South_Korea>	<China>
<Japan>	<Express_intent_to_cooperate_on_intelligence>	<South_Korea>	<North_Korea>
<Japan>	<Express_intent_to_cooperate_on_intelligence>	<South_Korea>	<Thailand>
<Citizen_(Nigeria)>	<Express_intent_to_cooperate>	<Planning_Commission_(Nigeria)>	<Employee_(Kuwait)>
<Student_(Yemen)>	<Engage_in_symbolic_act>	<Citizen_(Yemen)>	<Nigerian_Bar_Association>
<Ashraf_Ghani_Ahmadzai>	<Praise_or_endorse>	<China>	<Afghanistan>
<Ashraf_Ghani_Ahmadzai>	<Praise_or_endorse>	<China>	<North_Atlantic_Treaty_Organization>
<Ashraf_Ghani_Ahmadzai>	<Praise_or_endorse>	<China>	<Election_Commission_(Afghanistan)>
<Head_of_Government_(Ukraine)>	<Engage_in_negotiation>	<Poland>	<Verkhovna_Rada>
<Head_of_Government_(Ukraine)>	<Engage_in_negotiation>	<Poland>	<Military_(Russia)>
<Head_of_Government_(Ukraine)>	<Engage_in_negotiation>	<Poland>	<Police_(Ukraine)>
<Zakariya_Ismail_Ahmed_Hersi>	<Reject>	<Al-Shabaab>	<Sikh_(India)>
<Lawmaker_(Japan)>	<Consult>	<Okada_Katsuya>	<Farm_Worker_(Nigeria)>
<Ministry_(South_Korea)>	<Complain_officially>	<Cho_Hyun-ah>	<South_Korea>
<Police_(Ethiopia)>	<Arrest_detain_or_charge_with_legal_action>	<Indigenous_People_(Ethiopia)>	<South_Sudan>
<Al-Shabaab>	<Use_conventional_military_force>	<Employee_(Kenya)>	<Police_(Dominican_Republic)>
<Andrew_Robb>	<Criticize_or_denounce>	<Barack_Obama>	<Julie_Bishop>
<Guy_Scott>	<Express_intent_to_engage_in_diplomatic_cooperation_(such_as_policy_support)>	<Citizen_(Zambia)>	<Freedom_Fighter_(Zambia)>
<Foreign_Affairs_(Kuwait)>	<Make_a_visit>	<Iraq>	<Haaretz>
<Citizen_(Thailand)>	<Demand>	<Thailand>	<Martin_McGuinness>
<Aladdin_Boroujerdi>	<Consult>	<Mexico>	<Oman>
<Aladdin_Boroujerdi>	<Consult>	<Mexico>	<Iran>
<Armed_Band_(Benin)>	<Assassinate>	<Oodua_Peoples_Congress>	<Military_(Philippines)>
<Police_(Australia)>	<Make_an_appeal_or_request>	<Criminal_(Australia)>	<Sue-Ellen_Kovack>
<Police_(Australia)>	<Make_an_appeal_or_request>	<Criminal_(Australia)>	<Media_Personnel_(Australia)>
<Wael_al-Halki>	<Make_an_appeal_or_request>	<Business_(Iran)>	<Guerrilla_(Revolutionary_Armed_Forces_of_Colombia)>
<Lawyer/Attorney_(Holy_See_(Vatican_City_State))>	<Consult>	<Lawyer/Attorney_(Dominican_Republic)>	<Villager_(Philippines)>
<Tajikistan>	<Engage_in_diplomatic_cooperation>	<Afghanistan>	<Turkish_Airlines>
<Ministry_(Romania)>	<Consult>	<Justice_Department/Ministery_(Romania)>	<Dimitrios_Avramopoulos>
<Ministry_(Romania)>	<Consult>	<Justice_Department/Ministery_(Romania)>	<Romania>
<Business_(Russia)>	<Consult>	<Head_of_Government_(Pakistan)>	<Student_(Tanzania)>
<Fiji>	<Host_a_visit>	<Xi_Jinping>	<Frank_Bainimarama>
<Member_of_the_Judiciary_(Nigeria)>	<Give_ultimatum>	<Oluṣẹgun_Ọbasanjọ>	<Cristina_Fernández_de_Kirchner>
<Kim_Jong-Un>	<Engage_in_symbolic_act>	<Citizen_(North_Korea)>	<North_Korea>
<Presidential_Candidate_(Argentina)>	<Sign_formal_agreement>	<Congress_(Argentina)>	<Pavel_Gubarev>
<Pope_Francis>	<Express_intent_to_meet_or_negotiate>	<Bolivia>	<South_Korea>
<Pope_Francis>	<Express_intent_to_meet_or_negotiate>	<Bolivia>	<Holy_See>
<Pope_Francis>	<Express_intent_to_meet_or_negotiate>	<Bolivia>	<Priest_(Holy_See_(Vatican_City_State))>
<Poland>	<Express_intent_to_cooperate_economically>	<Qatar>	<Kazakhstan>
<Afghanistan>	<Make_a_visit>	<Tajikistan>	<Armed_Band_(Afghanistan)>
<Afghanistan>	<Make_a_visit>	<Tajikistan>	<Abdullah_Abdullah>
<Afghanistan>	<Make_a_visit>	<Tajikistan>	<Armed_Gang_(Afghanistan)>
<Citizen_(Belgium)>	<Demonstrate_or_rally>	<Government_(Belgium)>	<Ethiopia>
<Lawyer/Attorney_(Germany)>	<Return_release_person(s)>	<Children_(Germany)>	<Evangelos_Venizelos>
<South_Korea>	<Express_intent_to_meet_or_negotiate>	<Vietnam>	<North_Korea>
<Sergey_Viktorovich_Lavrov>	<Consult>	<Paolo_Gentiloni>	<ITAR_TASS>
<Sergey_Viktorovich_Lavrov>	<Consult>	<Paolo_Gentiloni>	<Foreign_Affairs_(Russia)>
<Sergey_Viktorovich_Lavrov>	<Consult>	<Paolo_Gentiloni>	<John_Kerry>
<Sergey_Viktorovich_Lavrov>	<Consult>	<Paolo_Gentiloni>	<RIA_Novosti>
<Sergey_Viktorovich_Lavrov>	<Consult>	<Paolo_Gentiloni>	<Joseph_Robinette_Biden>
<Sergey_Viktorovich_Lavrov>	<Consult>	<Paolo_Gentiloni>	<Iran>
<Sergey_Viktorovich_Lavrov>	<Consult>	<Paolo_Gentiloni>	<UN_Security_Council>
<Sergey_Viktorovich_Lavrov>	<Consult>	<Paolo_Gentiloni>	<Victoria_Nuland>
<Sergey_Viktorovich_Lavrov>	<Consult>	<Paolo_Gentiloni>	<Pavel_Gubarev>
<Alexander_Grushko>	<Discuss_by_telephone>	<Interfax>	<Daniel_Ortega>
<Foreign_Affairs_(Russia)>	<Make_a_visit>	<Foreign_Affairs_(Latvia)>	<Armenia>
<Foreign_Affairs_(Russia)>	<Make_a_visit>	<Foreign_Affairs_(Latvia)>	<Daily_Monitor>
<Foreign_Affairs_(Russia)>	<Make_a_visit>	<Foreign_Affairs_(Latvia)>	<Foreign_Affairs_(Syria)>
<Foreign_Affairs_(Russia)>	<Make_a_visit>	<Foreign_Affairs_(Latvia)>	<Defense_/_Security_Ministry_(Malaysia)>
<Foreign_Affairs_(Russia)>	<Make_a_visit>	<Foreign_Affairs_(Latvia)>	<Iraq>
<Foreign_Affairs_(Russia)>	<Make_a_visit>	<Foreign_Affairs_(Latvia)>	<North_Atlantic_Treaty_Organization>
<Foreign_Affairs_(Russia)>	<Make_a_visit>	<Foreign_Affairs_(Latvia)>	<Terrorist_Leader_(Syria)>
<Foreign_Affairs_(Russia)>	<Make_a_visit>	<Foreign_Affairs_(Latvia)>	<Sergey_Viktorovich_Lavrov>
<Foreign_Affairs_(Russia)>	<Make_a_visit>	<Foreign_Affairs_(Latvia)>	<North_Korea>
<Foreign_Affairs_(Russia)>	<Make_a_visit>	<Foreign_Affairs_(Latvia)>	<Head_of_Government_(Ukraine)>
<Police_(Tanzania)>	<Arrest_detain_or_charge_with_legal_action>	<Citizen_(Tanzania)>	<Immigrants_(Sudan)>
<Citizen_(Nigeria)>	<Make_an_appeal_or_request>	<Daily_Trust>	<Employee_(Kuwait)>
<Dmitry_Anatolyevich_Medvedev>	<Consult>	<Djoomart_Otorbaev>	<Arseniy_Yatsenyuk>
<Dmitry_Anatolyevich_Medvedev>	<Consult>	<Djoomart_Otorbaev>	<Business_(Russia)>
<Dmitry_Anatolyevich_Medvedev>	<Consult>	<Djoomart_Otorbaev>	<Government_Official_(Russia)>
<Barack_Obama>	<Express_intent_to_engage_in_diplomatic_cooperation_(such_as_policy_support)>	<Guinea>	<North_Atlantic_Treaty_Organization>
<Barack_Obama>	<Express_intent_to_engage_in_diplomatic_cooperation_(such_as_policy_support)>	<Guinea>	<South_Korea>
<Barack_Obama>	<Express_intent_to_engage_in_diplomatic_cooperation_(such_as_policy_support)>	<Guinea>	<Iran>
<Barack_Obama>	<Express_intent_to_engage_in_diplomatic_cooperation_(such_as_policy_support)>	<Guinea>	<Head_of_Government_(Germany)>
<Barack_Obama>	<Express_intent_to_engage_in_diplomatic_cooperation_(such_as_policy_support)>	<Guinea>	<Combatant_(Islamic_State_of_Iraq_and_the_Levant)>
<Barack_Obama>	<Express_intent_to_engage_in_diplomatic_cooperation_(such_as_policy_support)>	<Guinea>	<Japan>
<Barack_Obama>	<Express_intent_to_engage_in_diplomatic_cooperation_(such_as_policy_support)>	<Guinea>	<Hamas>
<Barack_Obama>	<Express_intent_to_engage_in_diplomatic_cooperation_(such_as_policy_support)>	<Guinea>	<North_Korea>
<Barack_Obama>	<Express_intent_to_engage_in_diplomatic_cooperation_(such_as_policy_support)>	<Guinea>	<Government_(Nigeria)>
<Barack_Obama>	<Express_intent_to_engage_in_diplomatic_cooperation_(such_as_policy_support)>	<Guinea>	<Raúl_Castro>
<Barack_Obama>	<Express_intent_to_engage_in_diplomatic_cooperation_(such_as_policy_support)>	<Guinea>	<Government_(Syria)>
<Barack_Obama>	<Express_intent_to_engage_in_diplomatic_cooperation_(such_as_policy_support)>	<Guinea>	<Xi_Jinping>
<Barack_Obama>	<Express_intent_to_engage_in_diplomatic_cooperation_(such_as_policy_support)>	<Guinea>	<Military_(Russia)>
<Barack_Obama>	<Express_intent_to_engage_in_diplomatic_cooperation_(such_as_policy_support)>	<Guinea>	<Military_(China)>
<Barack_Obama>	<Express_intent_to_engage_in_diplomatic_cooperation_(such_as_policy_support)>	<Guinea>	<China>
<South_Korea>	<Sign_formal_agreement>	<New_Zealand>	<North_Korea>
<Philippines>	<Host_a_visit>	<Pope_Francis>	<China>
<Gambia>	<Criticize_or_denounce>	<Guinea>	<City_Mayor_(Italy)>
<Cho_Tai-young>	<Make_an_appeal_or_request>	<Japan>	<South_Korea>
<UN_Security_Council>	<Make_an_appeal_or_request>	<South_Sudan>	<Sudan>
<UN_Security_Council>	<Make_an_appeal_or_request>	<South_Sudan>	<Government_(Syria)>
<UN_Security_Council>	<Make_an_appeal_or_request>	<South_Sudan>	<Other_Authorities_/_Officials_(Russia)>
<China>	<Host_a_visit>	<Head_of_Government_(Egypt)>	<Afghanistan>
<China>	<Host_a_visit>	<Head_of_Government_(Egypt)>	<Military_(China)>
<China>	<Host_a_visit>	<Head_of_Government_(Egypt)>	<Myanmar>
<China>	<Host_a_visit>	<Head_of_Government_(Egypt)>	<Vietnam>
<China>	<Host_a_visit>	<Head_of_Government_(Egypt)>	<Iran>
<China>	<Host_a_visit>	<Head_of_Government_(Egypt)>	<Japan>
<China>	<Host_a_visit>	<Head_of_Government_(Egypt)>	<Media_(Nigeria)>
<Military_(Jordan)>	<Praise_or_endorse>	<Terrorist_Organization_(Syria)>	<Romania>
<Jitan_Ram_Manjhi>	<Make_pessimistic_comment>	<Citizen_(India)>	<Tanzania>
<Abdel_Fattah_Al-Sisi>	<Make_an_appeal_or_request>	<Xi_Jinping>	<Media_(Africa)>
<Abdel_Fattah_Al-Sisi>	<Make_an_appeal_or_request>	<Xi_Jinping>	<Secretariat_(Egypt)>
<Abdel_Fattah_Al-Sisi>	<Make_an_appeal_or_request>	<Xi_Jinping>	<Army_Personnel_(Egypt)>
<Fan_Changlong>	<Make_an_appeal_or_request>	<Military_(China)>	<Civic_Group_(Croatia)>
<Military_Wing_(Hamas)>	<Praise_or_endorse>	<Iran>	<Government_(Sudan)>
<Armed_Band_(Afghanistan)>	<Use_unconventional_violence>	<Member_of_the_Judiciary_(Afghanistan)>	<Media_(Africa)>
<Military_(Philippines)>	<Express_intent_to_engage_in_diplomatic_cooperation_(such_as_policy_support)>	<Philippines>	<Criminal_(Philippines)>
<Police_(Kenya)>	<Accuse>	<Citizen_(Kenya)>	<Immigrants_(Ethiopia)>
<Police_(Kenya)>	<Accuse>	<Citizen_(Kenya)>	<The_Standard>
<Police_(Kenya)>	<Accuse>	<Citizen_(Kenya)>	<Mob_(Kenya)>
<Haider_Al-Abadi>	<Praise_or_endorse>	<Iran>	<Iraq>
<Haider_Al-Abadi>	<Praise_or_endorse>	<Iran>	<National_Alliance_(Iraq)>
<Haider_Al-Abadi>	<Praise_or_endorse>	<Iran>	<Militant_(Iraq)>
<Aladdin_Boroujerdi>	<Make_a_visit>	<Mexico>	<Oman>
<Aladdin_Boroujerdi>	<Make_a_visit>	<Mexico>	<Iran>
<Ashraf_Ghani_Ahmadzai>	<Make_a_visit>	<Afghanistan>	<Afghanistan>
<Ashraf_Ghani_Ahmadzai>	<Make_a_visit>	<Afghanistan>	<North_Atlantic_Treaty_Organization>
<Ashraf_Ghani_Ahmadzai>	<Make_a_visit>	<Afghanistan>	<Election_Commission_(Afghanistan)>
<Foreign_Affairs_(United_States)>	<Criticize_or_denounce>	<Malaysia>	<Angola>
<Foreign_Affairs_(United_States)>	<Criticize_or_denounce>	<Malaysia>	<South_Sudan>
<Foreign_Affairs_(United_States)>	<Criticize_or_denounce>	<Malaysia>	<Political_Parties_(Kosovo)>
<Foreign_Affairs_(United_States)>	<Criticize_or_denounce>	<Malaysia>	<Afghanistan>
<John_Kerry>	<Make_a_visit>	<South_Sudan>	<Iran>
<John_Kerry>	<Make_a_visit>	<South_Sudan>	<Foreign_Affairs_(Honduras)>
<John_Kerry>	<Make_a_visit>	<South_Sudan>	<Sergey_Viktorovich_Lavrov>
<John_Kerry>	<Make_a_visit>	<South_Sudan>	<Iraq>
<John_Kerry>	<Make_a_visit>	<South_Sudan>	<China>
<John_Kerry>	<Make_a_visit>	<South_Sudan>	<National_Coalition_for_Syrian_Revolutionary_and_Opposition_Forces>
<John_Kerry>	<Make_a_visit>	<South_Sudan>	<UN_Security_Council>
<John_Kerry>	<Make_a_visit>	<South_Sudan>	<Angola>
<John_Kerry>	<Make_a_visit>	<South_Sudan>	<North_Korea>
<John_Kerry>	<Make_a_visit>	<South_Sudan>	<Haider_Al-Abadi>
<Klaus_Johannis>	<Consult>	<Victor_Ponta>	<Romania>
<Klaus_Johannis>	<Consult>	<Victor_Ponta>	<National_Liberal_Party>
<North_Atlantic_Treaty_Organization>	<Host_a_visit>	<John_Kerry>	<Military_(Russia)>
<Central_Intelligence_Agency>	<Arrest_detain_or_charge_with_legal_action>	<Citizen_(India)>	<Lawyer/Attorney_(Uganda)>
<Joseph_Katema>	<Praise_or_endorse>	<Zambia_National_Broadcasting_Corporation>	<Oman>
<Danjuma_Goje>	<Assassinate>	<Ibrahim_Hassan_Dankwambo>	<Imran_Khan>
<Citizen_(Kenya)>	<Use_unconventional_violence>	<Police_(Kenya)>	<Volvo>
<Israeli_Defense_Forces>	<fight_with_small_arms_and_light_weapons>	<Criminal_(Israel)>	<Iran>
<Israeli_Defense_Forces>	<fight_with_small_arms_and_light_weapons>	<Criminal_(Israel)>	<Al_Jazeera>
<Israeli_Defense_Forces>	<fight_with_small_arms_and_light_weapons>	<Criminal_(Israel)>	<Hamas>
<Party_Member_(Zambia)>	<Make_an_appeal_or_request>	<Court_Judge_(Zambia)>	<Guy_Scott>
<Ethiopia>	<Host_a_visit>	<Kyung-wha_Kang>	<Al-Shabaab>
<Viktor_Orban>	<Engage_in_negotiation>	<Erste_Bank>	<Student_(South_Korea)>
<Heydar_Aliyev>	<Praise_or_endorse>	<Head_of_Government_(Afghanistan)>	<Air_Force_(Iraq)>
<North_Korea>	<Criticize_or_denounce>	<Barack_Obama>	<South_Korea>
<North_Korea>	<Criticize_or_denounce>	<Barack_Obama>	<Japan>
<North_Korea>	<Criticize_or_denounce>	<Barack_Obama>	<Tourist_(United_States)>
<Vietnam>	<Engage_in_diplomatic_cooperation>	<Laos>	<Police_(Indonesia)>
<Vietnam>	<Engage_in_diplomatic_cooperation>	<Laos>	<China>
<Vietnam>	<Engage_in_diplomatic_cooperation>	<Laos>	<Military_(Vietnam)>
<Jens_Stoltenberg>	<Express_intent_to_meet_or_negotiate>	<Arseniy_Yatsenyuk>	<North_Atlantic_Treaty_Organization>
<Daily_Trust>	<Consult>	<Alhaji_Lai_Mohammed>	<Government_(Bahamas)>
<Cleric_(Bahrain)>	<Criticize_or_denounce>	<Other_Authorities_/_Officials_(Bahrain)>	<Salvador_Sánchez_Cerén>
<Adams_Oshiomhole>	<Praise_or_endorse>	<Professor_(Benin)>	<Moro_National_Liberation_Front>
<Ziyad_Abu-Ayn>	<Criticize_or_denounce>	<Israeli_Defense_Forces>	<Militant_(Ukraine)>
<Ashraf_Ghani_Ahmadzai>	<Sign_formal_agreement>	<Defense_/_Security_Ministry_(United_States)>	<Afghanistan>
<Ashraf_Ghani_Ahmadzai>	<Sign_formal_agreement>	<Defense_/_Security_Ministry_(United_States)>	<North_Atlantic_Treaty_Organization>
<Ashraf_Ghani_Ahmadzai>	<Sign_formal_agreement>	<Defense_/_Security_Ministry_(United_States)>	<Election_Commission_(Afghanistan)>
<Kazakhstan>	<Grant_diplomatic_recognition>	<Bahamas>	<Government_(Nepal)>
<China>	<Engage_in_diplomatic_cooperation>	<South_Africa>	<Afghanistan>
<China>	<Engage_in_diplomatic_cooperation>	<South_Africa>	<Military_(China)>
<China>	<Engage_in_diplomatic_cooperation>	<South_Africa>	<Myanmar>
<China>	<Engage_in_diplomatic_cooperation>	<South_Africa>	<Vietnam>
<China>	<Engage_in_diplomatic_cooperation>	<South_Africa>	<Iran>
<China>	<Engage_in_diplomatic_cooperation>	<South_Africa>	<Japan>
<China>	<Engage_in_diplomatic_cooperation>	<South_Africa>	<Media_(Nigeria)>
<Royal_Administration_(Saudi_Arabia)>	<Host_a_visit>	<Defense_/_Security_Ministry_(Spain)>	<Nicos_Anastasiades>
<Iran>	<Host_a_visit>	<International_Federation_of_Red_Cross_and_Red_Crescent_Societies>	<Morteza_Sarmadi>
<Iran>	<Host_a_visit>	<International_Federation_of_Red_Cross_and_Red_Crescent_Societies>	<Edgars_Rinkevics>
<Iran>	<Host_a_visit>	<International_Federation_of_Red_Cross_and_Red_Crescent_Societies>	<Barack_Obama>
<Iran>	<Host_a_visit>	<International_Federation_of_Red_Cross_and_Red_Crescent_Societies>	<Mohammad_Javad_Zarif>
<Iran>	<Host_a_visit>	<International_Federation_of_Red_Cross_and_Red_Crescent_Societies>	<Morocco>
<Iran>	<Host_a_visit>	<International_Federation_of_Red_Cross_and_Red_Crescent_Societies>	<Iraq>
<Myanmar>	<Cooperate_economically>	<Thailand>	<Police_(United_States)>
<Mevlut_Cavusoglu>	<Consult>	<Tamar_Beruchashvili>	<Rights_Activist_(Kenya)>
<Citizen_(Nigeria)>	<Rally_opposition_against>	<Oluṣẹgun_Ọbasanjọ>	<Employee_(Kuwait)>
<Armed_Gang_(India)>	<Kill_by_physical_assault>	<Citizen_(India)>	<Justin_Trudeau>
<Citizen_(India)>	<Accuse>	<Naval_(Sri_Lanka)>	<Education_(Nigeria)>
<Men_(South_Africa)>	<fight_with_small_arms_and_light_weapons>	<Police_(South_Africa)>	<Businessperson_(Turkey)>
<Hamas>	<Make_an_appeal_or_request>	<Head_of_Government_(Palestinian_Territory_Occupied)>	<Israeli_Defense_Forces>
<Hamas>	<Make_an_appeal_or_request>	<Head_of_Government_(Palestinian_Territory_Occupied)>	<Benjamin_Netanyahu>
<Oluṣẹgun_Ọbasanjọ>	<Criticize_or_denounce>	<Court_Judge_(Nigeria)>	<Sule_Lamido>
<John_Campbell>	<Consult>	<Raheel_Sharif>	<Lawmaker_(Turkey)>
<Kuwait>	<Meet_at_a_'third'_location>	<Oman>	<Pavel_Gubarev>
<Civic_Group_(Taiwan)>	<Praise_or_endorse>	<Party_Member_(Taiwan)>	<New_Zealand>
<Government_(United_Arab_Emirates)>	<Defend_verbally>	<Citizen_(Australia)>	<Other_Authorities_/_Officials_(Zimbabwe)>
<Citizen_(Croatia)>	<Appeal_for_change_in_leadership>	<Ministry_(Croatia)>	<Haider_Al-Abadi>
<Haider_Al-Abadi>	<Make_a_visit>	<Kuwait>	<Iraq>
<Haider_Al-Abadi>	<Make_a_visit>	<Kuwait>	<National_Alliance_(Iraq)>
<Haider_Al-Abadi>	<Make_a_visit>	<Kuwait>	<Militant_(Iraq)>
<Combatant_(Pakistan)>	<Use_unconventional_violence>	<Education_(Pakistan)>	<Military_(Philippines)>
<Scholar_(Nigeria)>	<Make_an_appeal_or_request>	<Citizen_(Nigeria)>	<Government_(Nigeria)>
<Scholar_(Nigeria)>	<Make_an_appeal_or_request>	<Citizen_(Nigeria)>	<Head_of_Government_(Nigeria)>
<Bahrain>	<Accuse>	<Qatar>	<Republican_People's_Party>
<China>	<Express_intent_to_meet_or_negotiate>	<Xi_Jinping>	<Afghanistan>
<China>	<Express_intent_to_meet_or_negotiate>	<Xi_Jinping>	<Military_(China)>
<China>	<Express_intent_to_meet_or_negotiate>	<Xi_Jinping>	<Myanmar>
<China>	<Express_intent_to_meet_or_negotiate>	<Xi_Jinping>	<Vietnam>
<China>	<Express_intent_to_meet_or_negotiate>	<Xi_Jinping>	<Iran>
<China>	<Express_intent_to_meet_or_negotiate>	<Xi_Jinping>	<Japan>
<China>	<Express_intent_to_meet_or_negotiate>	<Xi_Jinping>	<Media_(Nigeria)>
<Special_Rapporteurs_of_the_United_Nations>	<Praise_or_endorse>	<Barack_Obama>	<United_States_Senate>
<Citizen_(Kenya)>	<Abduct_hijack_or_take_hostage>	<Businessperson_(Kenya)>	<Volvo>
<Mulatu_Teshome>	<Praise_or_endorse>	<Foreign_Affairs_(Yemen)>	<Air_Force_(Iraq)>
<Awami_(People's)_League>	<Use_unconventional_violence>	<Citizen_(Bangladesh)>	<Government_(South_Africa)>
<Ministry_(Russia)>	<Praise_or_endorse>	<Staffan_de_Mistura>	<Chuck_Hagel>
<Citizen_(Nigeria)>	<Criticize_or_denounce>	<Court_Judge_(Nigeria)>	<Employee_(Kuwait)>
<Men_(India)>	<fight_with_small_arms_and_light_weapons>	<Fishermen_(India)>	<South_Sudan>
<Militant_(Taliban)>	<Use_unconventional_violence>	<Employee_(Afghanistan)>	<Government_Official_(Russia)>
<Other_Authorities_/_Officials_(Turkey)>	<Arrest_detain_or_charge_with_legal_action>	<Citizen_(Turkey)>	<Hezbollah>
<France>	<Use_conventional_military_force>	<Insurgent_(Algeria)>	<Boko_Haram>
<France>	<Use_conventional_military_force>	<Insurgent_(Algeria)>	<Guinea>
<France>	<Use_conventional_military_force>	<Insurgent_(Algeria)>	<Barack_Obama>
<France>	<Use_conventional_military_force>	<Insurgent_(Algeria)>	<South_Korea>
<France>	<Use_conventional_military_force>	<Insurgent_(Algeria)>	<Benjamin_Netanyahu>
<France>	<Use_conventional_military_force>	<Insurgent_(Algeria)>	<Military_Personnel_(Mali)>
<Bahrain>	<Engage_in_diplomatic_cooperation>	<Kuwait>	<Republican_People's_Party>
<Foreign_Affairs_(United_States)>	<Consult>	<Islam_Karimov>	<Angola>
<Foreign_Affairs_(United_States)>	<Consult>	<Islam_Karimov>	<South_Sudan>
<Foreign_Affairs_(United_States)>	<Consult>	<Islam_Karimov>	<Political_Parties_(Kosovo)>
<Foreign_Affairs_(United_States)>	<Consult>	<Islam_Karimov>	<Afghanistan>
<Djibouti>	<Cooperate_economically>	<Ethiopia>	<Legislature_(Turkey)>
<China>	<Make_an_appeal_or_request>	<Angola>	<Afghanistan>
<China>	<Make_an_appeal_or_request>	<Angola>	<Military_(China)>
<China>	<Make_an_appeal_or_request>	<Angola>	<Myanmar>
<China>	<Make_an_appeal_or_request>	<Angola>	<Vietnam>
<China>	<Make_an_appeal_or_request>	<Angola>	<Iran>
<China>	<Make_an_appeal_or_request>	<Angola>	<Japan>
<China>	<Make_an_appeal_or_request>	<Angola>	<Media_(Nigeria)>
<Thief_(India)>	<Use_unconventional_violence>	<Men_(India)>	<Cristina_Fernández_de_Kirchner>
<Hamas>	<Consult>	<Iran>	<Israeli_Defense_Forces>
<Hamas>	<Consult>	<Iran>	<Benjamin_Netanyahu>
<Voice_of_the_Voiceless>	<Make_an_appeal_or_request>	<Other_Authorities_/_Officials_(Democratic_Republic_of_Congo)>	<Al_Arabiya>
<Foreign_Affairs_(Italy)>	<Express_intent_to_meet_or_negotiate>	<Paolo_Gentiloni>	<Armed_Band_(Lebanon)>
<Barack_Obama>	<Accuse>	<North_Korea>	<North_Atlantic_Treaty_Organization>
<Barack_Obama>	<Accuse>	<North_Korea>	<South_Korea>
<Barack_Obama>	<Accuse>	<North_Korea>	<Iran>
<Barack_Obama>	<Accuse>	<North_Korea>	<Head_of_Government_(Germany)>
<Barack_Obama>	<Accuse>	<North_Korea>	<Combatant_(Islamic_State_of_Iraq_and_the_Levant)>
<Barack_Obama>	<Accuse>	<North_Korea>	<Japan>
<Barack_Obama>	<Accuse>	<North_Korea>	<Hamas>
<Barack_Obama>	<Accuse>	<North_Korea>	<North_Korea>
<Barack_Obama>	<Accuse>	<North_Korea>	<Government_(Nigeria)>
<Barack_Obama>	<Accuse>	<North_Korea>	<Raúl_Castro>
<Barack_Obama>	<Accuse>	<North_Korea>	<Government_(Syria)>
<Barack_Obama>	<Accuse>	<North_Korea>	<Xi_Jinping>
<Barack_Obama>	<Accuse>	<North_Korea>	<Military_(Russia)>
<Barack_Obama>	<Accuse>	<North_Korea>	<Military_(China)>
<Barack_Obama>	<Accuse>	<North_Korea>	<China>
<Foreign_Affairs_(Russia)>	<Make_optimistic_comment>	<Vietnam>	<Armenia>
<Foreign_Affairs_(Russia)>	<Make_optimistic_comment>	<Vietnam>	<Daily_Monitor>
<Foreign_Affairs_(Russia)>	<Make_optimistic_comment>	<Vietnam>	<Foreign_Affairs_(Syria)>
<Foreign_Affairs_(Russia)>	<Make_optimistic_comment>	<Vietnam>	<Defense_/_Security_Ministry_(Malaysia)>
<Foreign_Affairs_(Russia)>	<Make_optimistic_comment>	<Vietnam>	<Iraq>
<Foreign_Affairs_(Russia)>	<Make_optimistic_comment>	<Vietnam>	<North_Atlantic_Treaty_Organization>
<Foreign_Affairs_(Russia)>	<Make_optimistic_comment>	<Vietnam>	<Terrorist_Leader_(Syria)>
<Foreign_Affairs_(Russia)>	<Make_optimistic_comment>	<Vietnam>	<Sergey_Viktorovich_Lavrov>
<Foreign_Affairs_(Russia)>	<Make_optimistic_comment>	<Vietnam>	<North_Korea>
<Foreign_Affairs_(Russia)>	<Make_optimistic_comment>	<Vietnam>	<Head_of_Government_(Ukraine)>
<Business_(Iran)>	<Cooperate_economically>	<Iran>	<Armed_Gang_(Benin)>
<Government_(Pakistan)>	<Use_conventional_military_force>	<Tehrik-i-Taliban_Pakistan>	<Activist_(United_States)>
<Police_(South_Korea)>	<Confiscate_property>	<Citizen_(South_Korea)>	<Student_(South_Korea)>
<Protester_(Cuba)>	<Demonstrate_or_rally>	<Barack_Obama>	<Islamic_(India)>
<Other_Authorities_/_Officials_(China)>	<Arrest_detain_or_charge_with_legal_action>	<Military_(China)>	<Provincial_Officials_(China)>
<Mahinda_Rajapaksa>	<Return_release_person(s)>	<Fishermen_(India)>	<Malawi>
<Militant_(Philippines)>	<Use_unconventional_violence>	<Military_(Philippines)>	<Lawyer/Attorney_(Australia)>
<Dumiso_Dabengwa>	<Accuse>	<Phelekezela_Mphoko>	<Yulia_Tymoshenko>
<Alhaji_Lai_Mohammed>	<Accuse>	<Ibrahim_Hassan_Dankwambo>	<Government_(Nigeria)>
<Aam_Aadmi_Party>	<Praise_or_endorse>	<Religion_(India)>	<Election_Commission_(India)>
<Aam_Aadmi_Party>	<Praise_or_endorse>	<Religion_(India)>	<National_Party_(India)>
<Nabih_Berri>	<Consult>	<Lawmaker_(Lebanon)>	<Iran>
<Nabih_Berri>	<Consult>	<Lawmaker_(Lebanon)>	<Foreign_Affairs_(Lebanon)>
<Combatant_(Islamic_State_of_Iraq_and_the_Levant)>	<Use_unconventional_violence>	<Iraq>	<Government_(Germany)>
<Police_(Tanzania)>	<Arrest_detain_or_charge_with_legal_action>	<Criminal_(Tanzania)>	<Immigrants_(Sudan)>
<Benjamin_Netanyahu>	<Express_intent_to_meet_or_negotiate>	<Yair_Lapid>	<John_Kerry>
<Benjamin_Netanyahu>	<Express_intent_to_meet_or_negotiate>	<Yair_Lapid>	<Tzipi_Livni>
<Benjamin_Netanyahu>	<Express_intent_to_meet_or_negotiate>	<Yair_Lapid>	<Angela_Merkel>
<Benjamin_Netanyahu>	<Express_intent_to_meet_or_negotiate>	<Yair_Lapid>	<Police_(Israel)>
<Benjamin_Netanyahu>	<Express_intent_to_meet_or_negotiate>	<Yair_Lapid>	<Israeli_Defense_Forces>
<Benjamin_Netanyahu>	<Express_intent_to_meet_or_negotiate>	<Yair_Lapid>	<Iran>
<Benjamin_Netanyahu>	<Express_intent_to_meet_or_negotiate>	<Yair_Lapid>	<Haaretz>
<Benjamin_Netanyahu>	<Express_intent_to_meet_or_negotiate>	<Yair_Lapid>	<Hamas>
<Government_(United_Arab_Emirates)>	<Investigate>	<Citizen_(United_Arab_Emirates)>	<Other_Authorities_/_Officials_(Zimbabwe)>
<Arseniy_Yatsenyuk>	<Consult>	<Jens_Stoltenberg>	<Head_of_Government_(Ukraine)>
<Arseniy_Yatsenyuk>	<Consult>	<Jens_Stoltenberg>	<Ukrinform>
<Arseniy_Yatsenyuk>	<Consult>	<Jens_Stoltenberg>	<Police_(Ukraine)>
<North_Korea>	<Criticize_or_denounce>	<South_Korea>	<South_Korea>
<North_Korea>	<Criticize_or_denounce>	<South_Korea>	<Japan>
<North_Korea>	<Criticize_or_denounce>	<South_Korea>	<Tourist_(United_States)>
<Court_Judge_(Nigeria)>	<Demand>	<Lateef_Fagbemi>	<Oversight_Court_(Nigeria)>
<Court_Judge_(Nigeria)>	<Demand>	<Lateef_Fagbemi>	<Bala_Abdulkadir_Mohammed>
<Lawyer/Attorney_(Dominican_Republic)>	<Consult>	<Pope_Francis>	<Government_(Jamaica)>
<Citizen_(Kenya)>	<Use_unconventional_violence>	<Kenya_Army>	<Volvo>
<Yalcin_Akdogan>	<Consult>	<Legislature_(Turkey)>	<Tamerlan_Tsarnaev>
<Arseniy_Yatsenyuk>	<Make_an_appeal_or_request>	<North_Atlantic_Treaty_Organization>	<Head_of_Government_(Ukraine)>
<Arseniy_Yatsenyuk>	<Make_an_appeal_or_request>	<North_Atlantic_Treaty_Organization>	<Ukrinform>
<Arseniy_Yatsenyuk>	<Make_an_appeal_or_request>	<North_Atlantic_Treaty_Organization>	<Police_(Ukraine)>
<Ministry_(Brazil)>	<Engage_in_negotiation>	<Supreme_Electoral_Court>	<Fumio_Kishida>
<Taavi_Rõivas>	<Make_optimistic_comment>	<Head_of_Government_(China)>	<Julie_Bishop>
<Dmitry_Anatolyevich_Medvedev>	<Consult>	<Vnesheconombank>	<Arseniy_Yatsenyuk>
<Dmitry_Anatolyevich_Medvedev>	<Consult>	<Vnesheconombank>	<Business_(Russia)>
<Dmitry_Anatolyevich_Medvedev>	<Consult>	<Vnesheconombank>	<Government_Official_(Russia)>
<Qatar>	<Return_release_person(s)>	<Military_(Lebanon)>	<Abdel_Fattah_Al-Sisi>
<Government_(Nigeria)>	<Praise_or_endorse>	<Company_-_Owner_or_Operator_(Nigeria)>	<Medical_Personnel_(Nigeria)>
<Government_(Nigeria)>	<Praise_or_endorse>	<Company_-_Owner_or_Operator_(Nigeria)>	<Court_Judge_(Nigeria)>
<Government_(Nigeria)>	<Praise_or_endorse>	<Company_-_Owner_or_Operator_(Nigeria)>	<Education_(Nigeria)>
<Government_(Nigeria)>	<Praise_or_endorse>	<Company_-_Owner_or_Operator_(Nigeria)>	<Ethnic_Group_(Nigeria)>
<Government_(Nigeria)>	<Praise_or_endorse>	<Company_-_Owner_or_Operator_(Nigeria)>	<Boko_Haram>
<Government_(Nigeria)>	<Praise_or_endorse>	<Company_-_Owner_or_Operator_(Nigeria)>	<Fula_people>
<Government_(Nigeria)>	<Praise_or_endorse>	<Company_-_Owner_or_Operator_(Nigeria)>	<Ogbeni_Rauf_Aregbesola>
<Barack_Obama>	<Criticize_or_denounce>	<North_Korea>	<North_Atlantic_Treaty_Organization>
<Barack_Obama>	<Criticize_or_denounce>	<North_Korea>	<South_Korea>
<Barack_Obama>	<Criticize_or_denounce>	<North_Korea>	<Iran>
<Barack_Obama>	<Criticize_or_denounce>	<North_Korea>	<Head_of_Government_(Germany)>
<Barack_Obama>	<Criticize_or_denounce>	<North_Korea>	<Combatant_(Islamic_State_of_Iraq_and_the_Levant)>
<Barack_Obama>	<Criticize_or_denounce>	<North_Korea>	<Japan>
<Barack_Obama>	<Criticize_or_denounce>	<North_Korea>	<Hamas>
<Barack_Obama>	<Criticize_or_denounce>	<North_Korea>	<North_Korea>
<Barack_Obama>	<Criticize_or_denounce>	<North_Korea>	<Government_(Nigeria)>
<Barack_Obama>	<Criticize_or_denounce>	<North_Korea>	<Raúl_Castro>
<Barack_Obama>	<Criticize_or_denounce>	<North_Korea>	<Government_(Syria)>
<Barack_Obama>	<Criticize_or_denounce>	<North_Korea>	<Xi_Jinping>
<Barack_Obama>	<Criticize_or_denounce>	<North_Korea>	<Military_(Russia)>
<Barack_Obama>	<Criticize_or_denounce>	<North_Korea>	<Military_(China)>
<Barack_Obama>	<Criticize_or_denounce>	<North_Korea>	<China>
<Amit_Shah>	<Express_intent_to_meet_or_negotiate>	<Citizen_(India)>	<Criminal_(Argentina)>
<Djoomart_Otorbaev>	<Make_a_visit>	<Kazakhstan>	<Salvador_Sánchez_Cerén>
<Citizen_(Namibia)>	<Yield>	<Police_(Namibia)>	<Ruling_Party_(India)>
<Antonis_Samaras>	<Consult>	<Evangelos_Venizelos>	<Coalition_of_the_Radical_Left>
<Military_Personnel_(Philippines)>	<Praise_or_endorse>	<Refugee_(Philippines)>	<Philippines>
<Military_Personnel_(Philippines)>	<Praise_or_endorse>	<Refugee_(Philippines)>	<Military_(Philippines)>
<Military_Personnel_(Philippines)>	<Praise_or_endorse>	<Refugee_(Philippines)>	<Police_(Philippines)>
<Military_Personnel_(Philippines)>	<Praise_or_endorse>	<Refugee_(Philippines)>	<Inspector_General_(Philippines)>
<Military_Personnel_(Philippines)>	<Praise_or_endorse>	<Refugee_(Philippines)>	<Abu_Sayyaf>
<Military_Personnel_(Philippines)>	<Praise_or_endorse>	<Refugee_(Philippines)>	<Armed_Band_(Philippines)>
<Envoy_(Qatar)>	<Consult>	<Abdel_Fattah_Al-Sisi>	<Medical_Personnel_(Peru)>
<Cabinet_/_Council_of_Ministers_/_Advisors_(United_States)>	<Make_an_appeal_or_request>	<Guerrilla_(Revolutionary_Armed_Forces_of_Colombia)>	<Fumio_Kishida>
<Cabinet_/_Council_of_Ministers_/_Advisors_(United_States)>	<Make_an_appeal_or_request>	<Guerrilla_(Revolutionary_Armed_Forces_of_Colombia)>	<Iran>
<Citizen_(Nigeria)>	<Make_an_appeal_or_request>	<Member_of_the_Judiciary_(Nigeria)>	<Employee_(Kuwait)>
<Caroline_Nzibe>	<Demand>	<Children_(Uganda)>	<Armed_Rebel_(Ukraine)>
<Peter_Szijjarto>	<Discuss_by_telephone>	<Sergey_Viktorovich_Lavrov>	<Legislature_(Libya)>
<Omar_Abdullah>	<Criticize_or_denounce>	<Citizen_(India)>	<Muhammadu_Buhari>
<South_Korea>	<Arrest_detain_or_charge_with_legal_action>	<Citizen_(South_Korea)>	<North_Korea>
<Police_(Israel)>	<Arrest_detain_or_charge_with_legal_action>	<Men_(United_States)>	<Republican_People's_Party>
<Police_(Israel)>	<Arrest_detain_or_charge_with_legal_action>	<Men_(United_States)>	<Attacker_(Palestinian_Territory_Occupied)>
<Alexis_Tsipras>	<Praise_or_endorse>	<Serbia>	<France>
<Alexis_Tsipras>	<Praise_or_endorse>	<Serbia>	<Evangelos_Venizelos>
<Alexis_Tsipras>	<Praise_or_endorse>	<Serbia>	<Police_(Greece)>
<Head_of_Government_(Greece)>	<Reject>	<International_Monetary_Fund>	<Coalition_of_the_Radical_Left>
<Head_of_Government_(Greece)>	<Reject>	<International_Monetary_Fund>	<Police_(Greece)>
<Member_of_Parliament_(India)>	<Express_intent_to_meet_or_negotiate>	<Citizen_(India)>	<Head_of_Government_(India)>
<Member_of_Parliament_(India)>	<Express_intent_to_meet_or_negotiate>	<Citizen_(India)>	<Medical_Personnel_(India)>
<Member_of_Parliament_(India)>	<Express_intent_to_meet_or_negotiate>	<Citizen_(India)>	<Thief_(India)>
<Maithripala_Sirisena>	<Criticize_or_denounce>	<Mahinda_Rajapaksa>	<Mahinda_Rajapaksa>
<South_Africa>	<Provide_economic_aid>	<Hakainde_Hichilema>	<China>
<South_Africa>	<Engage_in_diplomatic_cooperation>	<South_Sudan>	<China>
<Police_(Australia)>	<Investigate>	<Women_(Australia)>	<Sue-Ellen_Kovack>
<Police_(Australia)>	<Investigate>	<Women_(Australia)>	<Media_Personnel_(Australia)>
<North_Atlantic_Treaty_Organization>	<Consult>	<Mevlut_Cavusoglu>	<Military_(Russia)>
<Cabinet_/_Council_of_Ministers_/_Advisors_(Japan)>	<Consult>	<Takeshi_Onaga>	<Thailand>
<Military_Personnel_(Argentina)>	<Use_conventional_military_force>	<Women_(Argentina)>	<Uhuru>
<Algirdas_Butkevičius>	<Consult>	<China>	<Social_Democratic_Party_(Lithuania)>
<Algirdas_Butkevičius>	<Consult>	<China>	<European_Parliament>
<Algirdas_Butkevičius>	<Consult>	<China>	<Vytenis_Povilas_Andriukaitis>
<Shah_Mehmood_Qureshi>	<Consult>	<Ishaq_Dar>	<Ivan_Gasparovic>
<China>	<Host_a_visit>	<Abdel_Fattah_Al-Sisi>	<Afghanistan>
<China>	<Host_a_visit>	<Abdel_Fattah_Al-Sisi>	<Military_(China)>
<China>	<Host_a_visit>	<Abdel_Fattah_Al-Sisi>	<Myanmar>
<China>	<Host_a_visit>	<Abdel_Fattah_Al-Sisi>	<Vietnam>
<China>	<Host_a_visit>	<Abdel_Fattah_Al-Sisi>	<Iran>
<China>	<Host_a_visit>	<Abdel_Fattah_Al-Sisi>	<Japan>
<China>	<Host_a_visit>	<Abdel_Fattah_Al-Sisi>	<Media_(Nigeria)>
<Police_(Peru)>	<Arrest_detain_or_charge_with_legal_action>	<Men_(Mexico)>	<Medical_Personnel_(Peru)>
<Fishermen_(India)>	<Provide_humanitarian_aid>	<Citizen_(India)>	<Government_Affiliated_Bank_(Brazil)>
<Criminal_(Australia)>	<Use_unconventional_violence>	<Citizen_(Australia)>	<Head_of_Government_(Germany)>
<Government_(Nigeria)>	<Return_release_property>	<Citizen_(Nigeria)>	<Medical_Personnel_(Nigeria)>
<Government_(Nigeria)>	<Return_release_property>	<Citizen_(Nigeria)>	<Court_Judge_(Nigeria)>
<Government_(Nigeria)>	<Return_release_property>	<Citizen_(Nigeria)>	<Education_(Nigeria)>
<Government_(Nigeria)>	<Return_release_property>	<Citizen_(Nigeria)>	<Ethnic_Group_(Nigeria)>
<Government_(Nigeria)>	<Return_release_property>	<Citizen_(Nigeria)>	<Boko_Haram>
<Government_(Nigeria)>	<Return_release_property>	<Citizen_(Nigeria)>	<Fula_people>
<Government_(Nigeria)>	<Return_release_property>	<Citizen_(Nigeria)>	<Ogbeni_Rauf_Aregbesola>
<China>	<Arrest_detain_or_charge_with_legal_action>	<Women_(Australia)>	<Afghanistan>
<China>	<Arrest_detain_or_charge_with_legal_action>	<Women_(Australia)>	<Military_(China)>
<China>	<Arrest_detain_or_charge_with_legal_action>	<Women_(Australia)>	<Myanmar>
<China>	<Arrest_detain_or_charge_with_legal_action>	<Women_(Australia)>	<Vietnam>
<China>	<Arrest_detain_or_charge_with_legal_action>	<Women_(Australia)>	<Iran>
<China>	<Arrest_detain_or_charge_with_legal_action>	<Women_(Australia)>	<Japan>
<China>	<Arrest_detain_or_charge_with_legal_action>	<Women_(Australia)>	<Media_(Nigeria)>
<Tehrik-i-Taliban_Pakistan>	<Acknowledge_or_claim_responsibility>	<Education_(Pakistan)>	<Australia_Greens>
<China>	<Arrest_detain_or_charge_with_legal_action>	<Women_(China)>	<Afghanistan>
<China>	<Arrest_detain_or_charge_with_legal_action>	<Women_(China)>	<Military_(China)>
<China>	<Arrest_detain_or_charge_with_legal_action>	<Women_(China)>	<Myanmar>
<China>	<Arrest_detain_or_charge_with_legal_action>	<Women_(China)>	<Vietnam>
<China>	<Arrest_detain_or_charge_with_legal_action>	<Women_(China)>	<Iran>
<China>	<Arrest_detain_or_charge_with_legal_action>	<Women_(China)>	<Japan>
<China>	<Arrest_detain_or_charge_with_legal_action>	<Women_(China)>	<Media_(Nigeria)>
<Benjamin_Netanyahu>	<Reject>	<Yair_Lapid>	<John_Kerry>
<Benjamin_Netanyahu>	<Reject>	<Yair_Lapid>	<Tzipi_Livni>
<Benjamin_Netanyahu>	<Reject>	<Yair_Lapid>	<Angela_Merkel>
<Benjamin_Netanyahu>	<Reject>	<Yair_Lapid>	<Police_(Israel)>
<Benjamin_Netanyahu>	<Reject>	<Yair_Lapid>	<Israeli_Defense_Forces>
<Benjamin_Netanyahu>	<Reject>	<Yair_Lapid>	<Iran>
<Benjamin_Netanyahu>	<Reject>	<Yair_Lapid>	<Haaretz>
<Benjamin_Netanyahu>	<Reject>	<Yair_Lapid>	<Hamas>
<Kazakhstan>	<Host_a_visit>	<François_Hollande>	<Government_(Nepal)>
<Citizen_(Nigeria)>	<Appeal_for_military_aid>	<Other_Authorities_/_Officials_(Nigeria)>	<Employee_(Kuwait)>
<United_Left_(Slovenia)>	<Criticize_or_denounce>	<Miro_Cerar>	<Other_Authorities_/_Officials_(Switzerland)>
<Legislature_(Russia)>	<Consult>	<Governor_(Russia)>	<Benazir_Bhutto>
<Rosa_Pacavira>	<Express_intent_to_meet_or_negotiate>	<Angola>	<Business_(Bahrain)>
<Head_of_Government_(Ukraine)>	<Make_a_visit>	<North_Atlantic_Treaty_Organization>	<Verkhovna_Rada>
<Head_of_Government_(Ukraine)>	<Make_a_visit>	<North_Atlantic_Treaty_Organization>	<Military_(Russia)>
<Head_of_Government_(Ukraine)>	<Make_a_visit>	<North_Atlantic_Treaty_Organization>	<Police_(Ukraine)>
<Citizen_(Thailand)>	<Make_an_appeal_or_request>	<Gen_Prayut_Chan-o-cha>	<Martin_McGuinness>
<Citizen_(Sudan)>	<Conduct_strike_or_boycott>	<Government_(Sudan)>	<Head_of_Government_(Germany)>
<China>	<Demonstrate_military_or_police_power>	<Japan>	<Afghanistan>
<China>	<Demonstrate_military_or_police_power>	<Japan>	<Military_(China)>
<China>	<Demonstrate_military_or_police_power>	<Japan>	<Myanmar>
<China>	<Demonstrate_military_or_police_power>	<Japan>	<Vietnam>
<China>	<Demonstrate_military_or_police_power>	<Japan>	<Iran>
<China>	<Demonstrate_military_or_police_power>	<Japan>	<Japan>
<China>	<Demonstrate_military_or_police_power>	<Japan>	<Media_(Nigeria)>
<Protester_(Hong_Kong)>	<Engage_in_diplomatic_cooperation>	<Student_(Hong_Kong)>	<China>
<Philippines>	<Provide_aid>	<Children_(Philippines)>	<China>
<Armenia>	<Consult>	<Elmar_Mammadyarov>	<Cobra_Matata>
<Poland>	<Make_a_visit>	<Oman>	<Kazakhstan>
<Sudan>	<Demand>	<UN_Security_Council>	<Benazir_Bhutto>
<Armenia>	<Host_a_visit>	<Seyran_Ohanyan>	<Cobra_Matata>
<European_Parliament>	<Consult>	<Head_of_Government_(Latvia)>	<Armed_Gang_(Egypt)>
<Alexis_Tsipras>	<Express_intent_to_meet_or_negotiate>	<Tomislav_Nikolić>	<France>
<Alexis_Tsipras>	<Express_intent_to_meet_or_negotiate>	<Tomislav_Nikolić>	<Evangelos_Venizelos>
<Alexis_Tsipras>	<Express_intent_to_meet_or_negotiate>	<Tomislav_Nikolić>	<Police_(Greece)>
<Chuck_Hagel>	<Mobilize_or_increase_armed_forces>	<Iraq>	<Iran>
<Chuck_Hagel>	<Mobilize_or_increase_armed_forces>	<Iraq>	<Iraq>
<Chuck_Hagel>	<Mobilize_or_increase_armed_forces>	<Iraq>	<Al_Arabiya>
<Chuck_Hagel>	<Mobilize_or_increase_armed_forces>	<Iraq>	<Lawmaker_(Turkey)>
<Shiv_Sena>	<Criticize_or_denounce>	<Citizen_(India)>	<Raj_Thackeray>
<Rafael_Correa>	<Consult>	<Head_of_Government_(Ecuador)>	<Mexico>
<Iran>	<Engage_in_diplomatic_cooperation>	<Morocco>	<Morteza_Sarmadi>
<Iran>	<Engage_in_diplomatic_cooperation>	<Morocco>	<Edgars_Rinkevics>
<Iran>	<Engage_in_diplomatic_cooperation>	<Morocco>	<Barack_Obama>
<Iran>	<Engage_in_diplomatic_cooperation>	<Morocco>	<Mohammad_Javad_Zarif>
<Iran>	<Engage_in_diplomatic_cooperation>	<Morocco>	<Morocco>
<Iran>	<Engage_in_diplomatic_cooperation>	<Morocco>	<Iraq>
<Lawyer/Attorney_(Argentina)>	<Make_an_appeal_or_request>	<Federal_Judge_(Argentina)>	<Criminal_(Argentina)>
<Benjamin_Netanyahu>	<Accuse>	<Yair_Lapid>	<John_Kerry>
<Benjamin_Netanyahu>	<Accuse>	<Yair_Lapid>	<Tzipi_Livni>
<Benjamin_Netanyahu>	<Accuse>	<Yair_Lapid>	<Angela_Merkel>
<Benjamin_Netanyahu>	<Accuse>	<Yair_Lapid>	<Police_(Israel)>
<Benjamin_Netanyahu>	<Accuse>	<Yair_Lapid>	<Israeli_Defense_Forces>
<Benjamin_Netanyahu>	<Accuse>	<Yair_Lapid>	<Iran>
<Benjamin_Netanyahu>	<Accuse>	<Yair_Lapid>	<Haaretz>
<Benjamin_Netanyahu>	<Accuse>	<Yair_Lapid>	<Hamas>
<China>	<Host_a_visit>	<Prayuth_Chan-ocha>	<Afghanistan>
<China>	<Host_a_visit>	<Prayuth_Chan-ocha>	<Military_(China)>
<China>	<Host_a_visit>	<Prayuth_Chan-ocha>	<Myanmar>
<China>	<Host_a_visit>	<Prayuth_Chan-ocha>	<Vietnam>
<China>	<Host_a_visit>	<Prayuth_Chan-ocha>	<Iran>
<China>	<Host_a_visit>	<Prayuth_Chan-ocha>	<Japan>
<China>	<Host_a_visit>	<Prayuth_Chan-ocha>	<Media_(Nigeria)>
<Tatarstan>	<Arrest_detain_or_charge_with_legal_action>	<Men_(Russia)>	<United_Progressive_Alliance>
<Iran>	<Express_intent_to_engage_in_diplomatic_cooperation_(such_as_policy_support)>	<Government_(Pakistan)>	<Morteza_Sarmadi>
<Iran>	<Express_intent_to_engage_in_diplomatic_cooperation_(such_as_policy_support)>	<Government_(Pakistan)>	<Edgars_Rinkevics>
<Iran>	<Express_intent_to_engage_in_diplomatic_cooperation_(such_as_policy_support)>	<Government_(Pakistan)>	<Barack_Obama>
<Iran>	<Express_intent_to_engage_in_diplomatic_cooperation_(such_as_policy_support)>	<Government_(Pakistan)>	<Mohammad_Javad_Zarif>
<Iran>	<Express_intent_to_engage_in_diplomatic_cooperation_(such_as_policy_support)>	<Government_(Pakistan)>	<Morocco>
<Iran>	<Express_intent_to_engage_in_diplomatic_cooperation_(such_as_policy_support)>	<Government_(Pakistan)>	<Iraq>
<Tzipi_Livni>	<Criticize_or_denounce>	<Benjamin_Netanyahu>	<Treasury/Finance_Ministry_(Czech_Republic)>
<National_United_Front_for_Democracy_Against_Dictatorship>	<Forgive>	<Protester_(Thailand)>	<Liberal_Party_(Canada)>
<Bala_Abdulkadir_Mohammed>	<Make_an_appeal_or_request>	<Citizen_(Nigeria)>	<Media_(Nigeria)>
<Bala_Abdulkadir_Mohammed>	<Make_an_appeal_or_request>	<Citizen_(Nigeria)>	<Education_(Nigeria)>
<Bala_Abdulkadir_Mohammed>	<Make_an_appeal_or_request>	<Citizen_(Nigeria)>	<Government_(Nigeria)>
<Bala_Abdulkadir_Mohammed>	<Make_an_appeal_or_request>	<Citizen_(Nigeria)>	<Ministry_(Nigeria)>
<Citizen_(India)>	<Use_unconventional_violence>	<Military_Personnel_-_Special_(India)>	<Education_(Nigeria)>
<Sergey_Viktorovich_Lavrov>	<Express_intent_to_meet_or_negotiate>	<Umar_al_Bashir>	<ITAR_TASS>
<Sergey_Viktorovich_Lavrov>	<Express_intent_to_meet_or_negotiate>	<Umar_al_Bashir>	<Foreign_Affairs_(Russia)>
<Sergey_Viktorovich_Lavrov>	<Express_intent_to_meet_or_negotiate>	<Umar_al_Bashir>	<John_Kerry>
<Sergey_Viktorovich_Lavrov>	<Express_intent_to_meet_or_negotiate>	<Umar_al_Bashir>	<RIA_Novosti>
<Sergey_Viktorovich_Lavrov>	<Express_intent_to_meet_or_negotiate>	<Umar_al_Bashir>	<Joseph_Robinette_Biden>
<Sergey_Viktorovich_Lavrov>	<Express_intent_to_meet_or_negotiate>	<Umar_al_Bashir>	<Iran>
<Sergey_Viktorovich_Lavrov>	<Express_intent_to_meet_or_negotiate>	<Umar_al_Bashir>	<UN_Security_Council>
<Sergey_Viktorovich_Lavrov>	<Express_intent_to_meet_or_negotiate>	<Umar_al_Bashir>	<Victoria_Nuland>
<Sergey_Viktorovich_Lavrov>	<Express_intent_to_meet_or_negotiate>	<Umar_al_Bashir>	<Pavel_Gubarev>
<Central_Intelligence_Agency>	<Attempt_to_assassinate>	<Kim_Jong-Un>	<Lawyer/Attorney_(Uganda)>
<South_Korea>	<Express_intent_to_cooperate>	<China>	<North_Korea>
<Organisation_of_Islamic_Cooperation>	<Consult>	<Information_Ministry_(Iran)>	<Muhammadu_Buhari>
<African_Union>	<Consult>	<China>	<Lawyer/Attorney_(Colombia)>
<Herve_Ladsous>	<Make_an_appeal_or_request>	<Other_Authorities_/_Officials_(Africa)>	<Provincial_Officials_(China)>
<Police_(Kenya)>	<Use_conventional_military_force>	<Citizen_(Kenya)>	<Immigrants_(Ethiopia)>
<Police_(Kenya)>	<Use_conventional_military_force>	<Citizen_(Kenya)>	<The_Standard>
<Police_(Kenya)>	<Use_conventional_military_force>	<Citizen_(Kenya)>	<Mob_(Kenya)>
<Government_(Pakistan)>	<Engage_in_negotiation>	<Pakistan_Tehreek-e-Insaf>	<Activist_(United_States)>
<Business_(Iran)>	<Cooperate_militarily>	<Iran>	<Armed_Gang_(Benin)>
<Foreign_Affairs_(Yemen)>	<Praise_or_endorse>	<Ethiopia>	<Military_(France)>
<Bernardino_Leon>	<Consult>	<UN_Security_Council>	<Election_Commission_(India)>
<China>	<Praise_or_endorse>	<Cambodia>	<Afghanistan>
<China>	<Praise_or_endorse>	<Cambodia>	<Military_(China)>
<China>	<Praise_or_endorse>	<Cambodia>	<Myanmar>
<China>	<Praise_or_endorse>	<Cambodia>	<Vietnam>
<China>	<Praise_or_endorse>	<Cambodia>	<Iran>
<China>	<Praise_or_endorse>	<Cambodia>	<Japan>
<China>	<Praise_or_endorse>	<Cambodia>	<Media_(Nigeria)>
<France>	<Retreat_or_surrender_militarily>	<Afghanistan>	<Boko_Haram>
<France>	<Retreat_or_surrender_militarily>	<Afghanistan>	<Guinea>
<France>	<Retreat_or_surrender_militarily>	<Afghanistan>	<Barack_Obama>
<France>	<Retreat_or_surrender_militarily>	<Afghanistan>	<South_Korea>
<France>	<Retreat_or_surrender_militarily>	<Afghanistan>	<Benjamin_Netanyahu>
<France>	<Retreat_or_surrender_militarily>	<Afghanistan>	<Military_Personnel_(Mali)>
<Sudan>	<Accuse>	<South_Sudan>	<Benazir_Bhutto>
<Thailand>	<Sign_formal_agreement>	<China>	<Cambodia>
<Foreign_Affairs_(South_Korea)>	<Make_empathetic_comment>	<Akitaka_Saiki>	<South_Korea>
<Federica_Mogherini>	<Consult>	<Sergey_Viktorovich_Lavrov>	<Foreign_Affairs_(Russia)>
<Federica_Mogherini>	<Consult>	<Sergey_Viktorovich_Lavrov>	<Algirdas_Butkevičius>
<Citizen_(India)>	<fight_with_small_arms_and_light_weapons>	<Company_-_Owner_or_Operator_(India)>	<Education_(Nigeria)>
<Ashraf_Ghani_Ahmadzai>	<Consult>	<Abdullah_Abdullah>	<Afghanistan>
<Ashraf_Ghani_Ahmadzai>	<Consult>	<Abdullah_Abdullah>	<North_Atlantic_Treaty_Organization>
<Ashraf_Ghani_Ahmadzai>	<Consult>	<Abdullah_Abdullah>	<Election_Commission_(Afghanistan)>
<Kimani_Wamatangi>	<Consult>	<Citizen_(Kenya)>	<Environmentalist_(France)>
<John_Kerry>	<Express_intent_to_meet_or_negotiate>	<Sergey_Viktorovich_Lavrov>	<Iran>
<John_Kerry>	<Express_intent_to_meet_or_negotiate>	<Sergey_Viktorovich_Lavrov>	<Foreign_Affairs_(Honduras)>
<John_Kerry>	<Express_intent_to_meet_or_negotiate>	<Sergey_Viktorovich_Lavrov>	<Sergey_Viktorovich_Lavrov>
<John_Kerry>	<Express_intent_to_meet_or_negotiate>	<Sergey_Viktorovich_Lavrov>	<Iraq>
<John_Kerry>	<Express_intent_to_meet_or_negotiate>	<Sergey_Viktorovich_Lavrov>	<China>
<John_Kerry>	<Express_intent_to_meet_or_negotiate>	<Sergey_Viktorovich_Lavrov>	<National_Coalition_for_Syrian_Revolutionary_and_Opposition_Forces>
<John_Kerry>	<Express_intent_to_meet_or_negotiate>	<Sergey_Viktorovich_Lavrov>	<UN_Security_Council>
<John_Kerry>	<Express_intent_to_meet_or_negotiate>	<Sergey_Viktorovich_Lavrov>	<Angola>
<John_Kerry>	<Express_intent_to_meet_or_negotiate>	<Sergey_Viktorovich_Lavrov>	<North_Korea>
<John_Kerry>	<Express_intent_to_meet_or_negotiate>	<Sergey_Viktorovich_Lavrov>	<Haider_Al-Abadi>
<Patricia_de_Lille>	<Make_optimistic_comment>	<South_Africa>	<Military_Personnel_-_Special_(Afghanistan)>
<Chaudhry_Nisar_Ali_Khan>	<Praise_or_endorse>	<Imran_Khan>	<Government_(Pakistan)>
<Chaudhry_Nisar_Ali_Khan>	<Praise_or_endorse>	<Imran_Khan>	<Head_of_Government_(Pakistan)>
<Benjamin_Netanyahu>	<Consult>	<Yair_Lapid>	<John_Kerry>
<Benjamin_Netanyahu>	<Consult>	<Yair_Lapid>	<Tzipi_Livni>
<Benjamin_Netanyahu>	<Consult>	<Yair_Lapid>	<Angela_Merkel>
<Benjamin_Netanyahu>	<Consult>	<Yair_Lapid>	<Police_(Israel)>
<Benjamin_Netanyahu>	<Consult>	<Yair_Lapid>	<Israeli_Defense_Forces>
<Benjamin_Netanyahu>	<Consult>	<Yair_Lapid>	<Iran>
<Benjamin_Netanyahu>	<Consult>	<Yair_Lapid>	<Haaretz>
<Benjamin_Netanyahu>	<Consult>	<Yair_Lapid>	<Hamas>
<Head_of_Government_(Egypt)>	<Express_intent_to_meet_or_negotiate>	<National_Assembly_of_Kuwait>	<Boko_Haram>
<Taavi_Rõivas>	<Praise_or_endorse>	<Algirdas_Butkevičius>	<Julie_Bishop>
<Benjamin_Netanyahu>	<Accuse>	<Tzipi_Livni>	<John_Kerry>
<Benjamin_Netanyahu>	<Accuse>	<Tzipi_Livni>	<Tzipi_Livni>
<Benjamin_Netanyahu>	<Accuse>	<Tzipi_Livni>	<Angela_Merkel>
<Benjamin_Netanyahu>	<Accuse>	<Tzipi_Livni>	<Police_(Israel)>
<Benjamin_Netanyahu>	<Accuse>	<Tzipi_Livni>	<Israeli_Defense_Forces>
<Benjamin_Netanyahu>	<Accuse>	<Tzipi_Livni>	<Iran>
<Benjamin_Netanyahu>	<Accuse>	<Tzipi_Livni>	<Haaretz>
<Benjamin_Netanyahu>	<Accuse>	<Tzipi_Livni>	<Hamas>
<Defense_/_Security_Ministry_(Russia)>	<Make_an_appeal_or_request>	<Representatives_(International)>	<Military_(Russia)>
<Defense_/_Security_Ministry_(Russia)>	<Make_an_appeal_or_request>	<Representatives_(International)>	<France>
<Vietnam>	<Host_a_visit>	<United_Russia>	<Police_(Indonesia)>
<Vietnam>	<Host_a_visit>	<United_Russia>	<China>
<Vietnam>	<Host_a_visit>	<United_Russia>	<Military_(Vietnam)>
<New_Democracy>	<Consult>	<Antonis_Samaras>	<Other_Authorities_/_Officials_(Egypt)>
<Ethiopia>	<Consult>	<Head_of_Government_(Egypt)>	<Al-Shabaab>
<Iran>	<Defend_verbally>	<Iraq>	<Morteza_Sarmadi>
<Iran>	<Defend_verbally>	<Iraq>	<Edgars_Rinkevics>
<Iran>	<Defend_verbally>	<Iraq>	<Barack_Obama>
<Iran>	<Defend_verbally>	<Iraq>	<Mohammad_Javad_Zarif>
<Iran>	<Defend_verbally>	<Iraq>	<Morocco>
<Iran>	<Defend_verbally>	<Iraq>	<Iraq>
<Barack_Obama>	<Discuss_by_telephone>	<Raúl_Castro>	<North_Atlantic_Treaty_Organization>
<Barack_Obama>	<Discuss_by_telephone>	<Raúl_Castro>	<South_Korea>
<Barack_Obama>	<Discuss_by_telephone>	<Raúl_Castro>	<Iran>
<Barack_Obama>	<Discuss_by_telephone>	<Raúl_Castro>	<Head_of_Government_(Germany)>
<Barack_Obama>	<Discuss_by_telephone>	<Raúl_Castro>	<Combatant_(Islamic_State_of_Iraq_and_the_Levant)>
<Barack_Obama>	<Discuss_by_telephone>	<Raúl_Castro>	<Japan>
<Barack_Obama>	<Discuss_by_telephone>	<Raúl_Castro>	<Hamas>
<Barack_Obama>	<Discuss_by_telephone>	<Raúl_Castro>	<North_Korea>
<Barack_Obama>	<Discuss_by_telephone>	<Raúl_Castro>	<Government_(Nigeria)>
<Barack_Obama>	<Discuss_by_telephone>	<Raúl_Castro>	<Raúl_Castro>
<Barack_Obama>	<Discuss_by_telephone>	<Raúl_Castro>	<Government_(Syria)>
<Barack_Obama>	<Discuss_by_telephone>	<Raúl_Castro>	<Xi_Jinping>
<Barack_Obama>	<Discuss_by_telephone>	<Raúl_Castro>	<Military_(Russia)>
<Barack_Obama>	<Discuss_by_telephone>	<Raúl_Castro>	<Military_(China)>
<Barack_Obama>	<Discuss_by_telephone>	<Raúl_Castro>	<China>
<Freedom_Fighter_(Namibia)>	<Use_unconventional_violence>	<Citizen_(Namibia)>	<Villager_(Hong_Kong)>
<Citizen_(Kenya)>	<Consult>	<Kimani_Wamatangi>	<Volvo>
<Spy_Plane_(Iran)>	<Increase_military_alert_status>	<Iran>	<Tahirul_Qadri>
<Lawyer/Attorney_(Kenya)>	<Ease_administrative_sanctions>	<Uhuru_Muigai_Kenyatta>	<Uhuru>
<Lawyer/Attorney_(Kenya)>	<Ease_administrative_sanctions>	<Uhuru_Muigai_Kenyatta>	<William_Ruto>
<Business_(Russia)>	<Consult>	<Representatives_(Belarus)>	<Student_(Tanzania)>
<National_Assembly_of_Pakistan>	<Make_optimistic_comment>	<Legislature_(Pakistan)>	<Government_(Nigeria)>
<Angela_Merkel>	<Appeal_for_political_reform>	<France>	<Madeleine_Albright>
<Angela_Merkel>	<Appeal_for_political_reform>	<France>	<Iran>
<Angela_Merkel>	<Appeal_for_political_reform>	<France>	<Malaysia>
<Angela_Merkel>	<Appeal_for_political_reform>	<France>	<Victoria_Nuland>
<Angela_Merkel>	<Appeal_for_political_reform>	<France>	<Government_(Germany)>
<Angela_Merkel>	<Appeal_for_political_reform>	<France>	<Head_of_Government_(Bulgaria)>
<Lawmaker_(South_Korea)>	<Demand>	<Head_of_Government_(South_Korea)>	<Military_Personnel_(Libya)>
<Haider_Al-Abadi>	<Meet_at_a_'third'_location>	<Middle_East>	<Iraq>
<Haider_Al-Abadi>	<Meet_at_a_'third'_location>	<Middle_East>	<National_Alliance_(Iraq)>
<Haider_Al-Abadi>	<Meet_at_a_'third'_location>	<Middle_East>	<Militant_(Iraq)>
<Benjamin_Netanyahu>	<Meet_at_a_'third'_location>	<Cabinet_/_Council_of_Ministers_/_Advisors_(United_States)>	<John_Kerry>
<Benjamin_Netanyahu>	<Meet_at_a_'third'_location>	<Cabinet_/_Council_of_Ministers_/_Advisors_(United_States)>	<Tzipi_Livni>
<Benjamin_Netanyahu>	<Meet_at_a_'third'_location>	<Cabinet_/_Council_of_Ministers_/_Advisors_(United_States)>	<Angela_Merkel>
<Benjamin_Netanyahu>	<Meet_at_a_'third'_location>	<Cabinet_/_Council_of_Ministers_/_Advisors_(United_States)>	<Police_(Israel)>
<Benjamin_Netanyahu>	<Meet_at_a_'third'_location>	<Cabinet_/_Council_of_Ministers_/_Advisors_(United_States)>	<Israeli_Defense_Forces>
<Benjamin_Netanyahu>	<Meet_at_a_'third'_location>	<Cabinet_/_Council_of_Ministers_/_Advisors_(United_States)>	<Iran>
<Benjamin_Netanyahu>	<Meet_at_a_'third'_location>	<Cabinet_/_Council_of_Ministers_/_Advisors_(United_States)>	<Haaretz>
<Benjamin_Netanyahu>	<Meet_at_a_'third'_location>	<Cabinet_/_Council_of_Ministers_/_Advisors_(United_States)>	<Hamas>
<Police_(Hong_Kong)>	<Make_an_appeal_or_request>	<Protester_(Hong_Kong)>	<Protester_(Hong_Kong)>
<Citizen_(India)>	<Criticize_or_denounce>	<Rashtriya_Swayamsevak_Sangh>	<Education_(Nigeria)>
<Pope_Francis>	<Express_intent_to_meet_or_negotiate>	<Philippines>	<South_Korea>
<Pope_Francis>	<Express_intent_to_meet_or_negotiate>	<Philippines>	<Holy_See>
<Pope_Francis>	<Express_intent_to_meet_or_negotiate>	<Philippines>	<Priest_(Holy_See_(Vatican_City_State))>
<Human_Rights_Watch>	<Criticize_or_denounce>	<Other_Authorities_/_Officials_(Oman)>	<China>
<Human_Rights_Watch>	<Criticize_or_denounce>	<Other_Authorities_/_Officials_(Oman)>	<Cambodia>
<Human_Rights_Watch>	<Criticize_or_denounce>	<Other_Authorities_/_Officials_(Oman)>	<Lawyer/Attorney_(Australia)>
<Human_Rights_Watch>	<Criticize_or_denounce>	<Other_Authorities_/_Officials_(Oman)>	<Immigrants_(Sudan)>
<John_Kerry>	<Express_intent_to_meet_or_negotiate>	<Federica_Mogherini>	<Iran>
<John_Kerry>	<Express_intent_to_meet_or_negotiate>	<Federica_Mogherini>	<Foreign_Affairs_(Honduras)>
<John_Kerry>	<Express_intent_to_meet_or_negotiate>	<Federica_Mogherini>	<Sergey_Viktorovich_Lavrov>
<John_Kerry>	<Express_intent_to_meet_or_negotiate>	<Federica_Mogherini>	<Iraq>
<John_Kerry>	<Express_intent_to_meet_or_negotiate>	<Federica_Mogherini>	<China>
<John_Kerry>	<Express_intent_to_meet_or_negotiate>	<Federica_Mogherini>	<National_Coalition_for_Syrian_Revolutionary_and_Opposition_Forces>
<John_Kerry>	<Express_intent_to_meet_or_negotiate>	<Federica_Mogherini>	<UN_Security_Council>
<John_Kerry>	<Express_intent_to_meet_or_negotiate>	<Federica_Mogherini>	<Angola>
<John_Kerry>	<Express_intent_to_meet_or_negotiate>	<Federica_Mogherini>	<North_Korea>
<John_Kerry>	<Express_intent_to_meet_or_negotiate>	<Federica_Mogherini>	<Haider_Al-Abadi>
